Order_ID,Order_Date,Delivery_Date,Product_ID,Category,Supplier,Price,Quantity,Region,City,Marketing_Channel,Return_Status,Return_Date,Return_Reason,Return_Flag,Delivery_Days,Return_Days,Return_Probability,Risk_Level
ORD100000,2024-10-21,2024-10-27,P1102,Electronics,Supplier A,758.41,3,South,Chennai,Social Media,No,,,0,6,,0.18045836254155342,Low
ORD100001,2024-11-16,2024-11-20,P1179,Fashion,Supplier C,814.39,1,West,Chennai,Ads,Yes,2024-11-24,Wrong Item,1,4,4.0,0.2719912784593237,Low
ORD100002,2024-08-20,2024-08-27,P1092,Electronics,Supplier A,734.67,3,East,Mumbai,Social Media,Yes,2024-09-08,Damaged,1,7,12.0,0.15097594475564022,Low
ORD100003,2024-06-06,2024-06-10,P1014,Sports,Supplier A,619.34,1,South,Chennai,Social Media,No,,,0,4,,0.17902395391139175,Low
ORD100004,2024-09-25,2024-10-02,P1106,Electronics,Supplier A,1160.1,3,South,Chennai,Social Media,No,,,0,7,,0.2134322090017366,Low
ORD100005,2024-01-21,2024-01-29,P1071,Fashion,Supplier D,28.18,2,East,Mumbai,Email,No,,,0,8,,0.14537733688766105,Low
ORD100006,2024-02-22,2024-02-27,P1188,Home,Supplier A,901.68,3,West,Chennai,Email,No,,,0,5,,0.13068910493844868,Low
ORD100007,2024-10-01,2024-10-10,P1020,Electronics,Supplier A,852.61,2,East,Bangalore,Social Media,No,,,0,9,,0.15900684887938454,Low
ORD100008,2024-11-08,2024-11-14,P1102,Beauty,Supplier B,1077.11,2,North,Bangalore,Organic,Yes,2024-11-27,Late Delivery,1,6,13.0,0.3233604200645705,Low
ORD100009,2024-10-07,2024-10-11,P1121,Home,Supplier B,902.55,3,North,Kolkata,Social Media,No,,,0,4,,0.15443420531187663,Low
ORD100010,2024-08-01,2024-08-08,P1074,Beauty,Supplier D,1241.93,1,West,Bangalore,Social Media,No,,,0,7,,0.21707898041328538,Low
ORD100011,2024-01-31,2024-02-07,P1087,Beauty,Supplier A,1439.02,1,South,Delhi,Ads,No,,,0,7,,0.30499395996016687,Low
ORD100012,2024-12-02,2024-12-10,P1116,Beauty,Supplier B,520.36,4,South,Delhi,Social Media,No,,,0,8,,0.1745216850350108,Low
ORD100013,2024-07-01,2024-07-08,P1099,Electronics,Supplier B,348.75,1,South,Delhi,Email,No,,,0,7,,0.14749829970089537,Low
ORD100014,2024-01-23,2024-02-01,P1103,Sports,Supplier C,641.16,4,East,Mumbai,Ads,No,,,0,9,,0.18840045391838717,Low
ORD100015,2024-02-01,2024-02-04,P1151,Home,Supplier A,439.02,1,East,Bangalore,Organic,No,,,0,3,,0.14922707220401937,Low
ORD100016,2024-03-14,2024-03-16,P1130,Fashion,Supplier B,926.28,1,West,Delhi,Ads,No,,,0,2,,0.2836641067496854,Low
ORD100017,2024-01-10,2024-01-19,P1149,Sports,Supplier D,1368.66,2,North,Kolkata,Organic,Yes,2024-01-21,Damaged,1,9,2.0,0.35267719436152456,Low
ORD100018,2024-02-23,2024-02-28,P1052,Electronics,Supplier C,217.28,4,South,Mumbai,Ads,No,,,0,5,,0.17623386478614977,Low
ORD100019,2024-02-21,2024-03-01,P1001,Beauty,Supplier C,160.18,1,North,Kolkata,Ads,No,,,0,9,,0.1936249833546793,Low
ORD100020,2024-05-27,2024-06-04,P1087,Fashion,Supplier A,391.46,4,East,Bangalore,Organic,No,,,0,8,,0.25155619833879433,Low
ORD100021,2024-06-08,2024-06-16,P1157,Home,Supplier A,1091.88,2,East,Chennai,Email,No,,,0,8,,0.13087274694930953,Low
ORD100022,2024-01-14,2024-01-23,P1037,Sports,Supplier C,893.51,2,East,Kolkata,Email,No,,,0,9,,0.16660785179959758,Low
ORD100023,2024-06-26,2024-06-30,P1129,Sports,Supplier D,162.3,4,North,Chennai,Email,No,,,0,4,,0.15100950654396958,Low
ORD100024,2024-02-22,2024-02-25,P1191,Fashion,Supplier A,1378.94,2,West,Mumbai,Ads,No,,,0,3,,0.333817851950653,Low
ORD100025,2024-11-30,2024-12-04,P1187,Electronics,Supplier A,1187.23,3,West,Kolkata,Social Media,No,,,0,4,,0.19871634887988796,Low
ORD100026,2024-01-22,2024-01-26,P1020,Home,Supplier C,44.3,3,East,Kolkata,Ads,No,,,0,4,,0.10364427359969113,Low
ORD100027,2024-01-30,2024-02-08,P1160,Fashion,Supplier C,980.54,2,South,Hyderabad,Social Media,No,,,0,9,,0.2598738673557014,Low
ORD100028,2024-07-09,2024-07-15,P1057,Beauty,Supplier A,1159.16,3,North,Mumbai,Social Media,Yes,2024-07-17,Not as Described,1,6,2.0,0.23872063102854327,Low
ORD100029,2024-09-16,2024-09-22,P1021,Home,Supplier B,567.91,1,East,Mumbai,Email,No,,,0,6,,0.10286977046463543,Low
ORD100030,2024-07-23,2024-07-29,P1088,Sports,Supplier A,112.69,4,North,Delhi,Social Media,No,,,0,6,,0.15130273949301035,Low
ORD100031,2024-02-28,2024-03-02,P1048,Fashion,Supplier B,125.21,1,North,Bangalore,Ads,Yes,2024-03-09,Damaged,1,3,7.0,0.23562405765419714,Low
ORD100032,2024-09-20,2024-09-24,P1058,Sports,Supplier C,165.33,4,West,Kolkata,Ads,No,,,0,4,,0.16650739656189797,Low
ORD100033,2024-01-12,2024-01-14,P1169,Sports,Supplier B,1262.26,2,East,Kolkata,Email,Yes,2024-01-27,No Longer Needed,1,2,13.0,0.19495878359197075,Low
ORD100034,2024-04-28,2024-05-03,P1187,Sports,Supplier D,1366.92,1,West,Mumbai,Organic,No,,,0,5,,0.31554909049348845,Low
ORD100035,2024-10-16,2024-10-22,P1014,Electronics,Supplier C,192.99,2,East,Mumbai,Ads,No,,,0,6,,0.1472816379641122,Low
ORD100036,2024-12-03,2024-12-09,P1189,Sports,Supplier A,361.5,2,North,Bangalore,Social Media,No,,,0,6,,0.16867676020835196,Low
ORD100037,2024-09-04,2024-09-12,P1189,Beauty,Supplier A,256.63,4,West,Mumbai,Ads,No,,,0,8,,0.17616111115289204,Low
ORD100038,2024-12-19,2024-12-23,P1174,Beauty,Supplier C,287.62,4,North,Chennai,Ads,Yes,2024-12-24,Size Issue,1,4,1.0,0.20418264675735556,Low
ORD100039,2024-05-06,2024-05-10,P1189,Home,Supplier C,1257.86,4,East,Chennai,Ads,Yes,2024-05-17,Damaged,1,4,7.0,0.17853548302428537,Low
ORD100040,2024-03-15,2024-03-18,P1050,Sports,Supplier D,504.9,1,South,Hyderabad,Organic,No,,,0,3,,0.24629288829780302,Low
ORD100041,2024-12-26,2024-12-29,P1107,Sports,Supplier C,474.05,3,West,Chennai,Social Media,No,,,0,3,,0.15412436411176542,Low
ORD100042,2024-07-22,2024-07-28,P1054,Fashion,Supplier A,348.82,4,West,Chennai,Email,No,,,0,6,,0.18133964463509578,Low
ORD100043,2024-02-18,2024-02-22,P1063,Electronics,Supplier D,915.76,4,North,Bangalore,Ads,No,,,0,4,,0.2465992692732689,Low
ORD100044,2024-03-19,2024-03-21,P1130,Home,Supplier A,575.17,1,North,Kolkata,Social Media,No,,,0,2,,0.1334860908155911,Low
ORD100045,2024-08-28,2024-09-02,P1050,Sports,Supplier B,1118.93,4,South,Chennai,Social Media,No,,,0,5,,0.22042709508800626,Low
ORD100046,2024-12-14,2024-12-23,P1134,Fashion,Supplier C,316.31,1,West,Hyderabad,Email,No,,,0,9,,0.1788434003267302,Low
ORD100047,2024-06-02,2024-06-06,P1020,Electronics,Supplier B,1183.81,2,East,Mumbai,Ads,No,,,0,4,,0.22428984319117987,Low
ORD100048,2024-09-30,2024-10-08,P1072,Home,Supplier A,909.55,4,East,Chennai,Organic,No,,,0,8,,0.18302395656934617,Low
ORD100049,2024-04-05,2024-04-14,P1166,Home,Supplier B,180.26,4,West,Hyderabad,Social Media,No,,,0,9,,0.09604640609132793,Low
ORD100050,2024-08-01,2024-08-05,P1017,Sports,Supplier B,627.61,2,West,Bangalore,Email,Yes,2024-08-19,Damaged,1,4,14.0,0.16099516084395038,Low
ORD100051,2024-10-20,2024-10-27,P1131,Home,Supplier A,1296.64,2,West,Mumbai,Organic,No,,,0,7,,0.23193667813611035,Low
ORD100052,2024-07-27,2024-07-30,P1088,Fashion,Supplier A,1385.21,2,South,Hyderabad,Social Media,Yes,2024-08-11,Damaged,1,3,12.0,0.30233800940410344,Low
ORD100053,2024-12-08,2024-12-16,P1059,Home,Supplier C,703.89,4,East,Chennai,Ads,No,,,0,8,,0.14011019938999814,Low
ORD100054,2024-03-28,2024-04-02,P1013,Beauty,Supplier B,726.45,3,East,Kolkata,Social Media,No,,,0,5,,0.1613631396656339,Low
ORD100055,2024-11-01,2024-11-07,P1008,Fashion,Supplier D,1378.5,3,North,Mumbai,Organic,No,,,0,6,,0.4222228747802266,Medium
ORD100056,2024-09-20,2024-09-28,P1089,Electronics,Supplier D,884.73,3,North,Mumbai,Organic,No,,,0,8,,0.2846456174900664,Low
ORD100057,2024-11-20,2024-11-24,P1052,Electronics,Supplier A,58.94,4,West,Kolkata,Ads,No,,,0,4,,0.1507796497498882,Low
ORD100058,2024-11-15,2024-11-21,P1129,Sports,Supplier A,1370.0,2,North,Mumbai,Ads,No,,,0,6,,0.3061818362597456,Low
ORD100059,2024-06-05,2024-06-09,P1083,Sports,Supplier B,379.86,4,South,Chennai,Email,No,,,0,4,,0.1576801353708522,Low
ORD100060,2024-06-04,2024-06-10,P1091,Beauty,Supplier A,870.67,2,East,Mumbai,Ads,No,,,0,6,,0.21072568971930414,Low
ORD100061,2024-05-18,2024-05-23,P1110,Electronics,Supplier D,256.61,4,East,Chennai,Email,No,,,0,5,,0.11882027362370379,Low
ORD100062,2024-04-30,2024-05-03,P1187,Electronics,Supplier C,60.48,4,North,Kolkata,Organic,No,,,0,3,,0.20584473667440054,Low
ORD100063,2024-03-05,2024-03-10,P1198,Electronics,Supplier C,474.1,2,West,Delhi,Organic,No,,,0,5,,0.21396759548372685,Low
ORD100064,2024-04-16,2024-04-23,P1171,Electronics,Supplier B,1172.94,3,North,Kolkata,Social Media,No,,,0,7,,0.22519203061492696,Low
ORD100065,2024-05-26,2024-05-28,P1007,Home,Supplier C,423.6,2,West,Chennai,Social Media,No,,,0,2,,0.10760846065539993,Low
ORD100066,2024-05-16,2024-05-19,P1174,Fashion,Supplier A,337.94,1,South,Bangalore,Email,No,,,0,3,,0.19641229607673438,Low
ORD100067,2024-06-10,2024-06-15,P1034,Fashion,Supplier A,326.89,1,East,Kolkata,Ads,No,,,0,5,,0.20827697183328706,Low
ORD100068,2024-04-09,2024-04-16,P1080,Beauty,Supplier A,777.61,2,South,Bangalore,Ads,No,,,0,7,,0.2372939989357732,Low
ORD100069,2024-12-03,2024-12-05,P1163,Home,Supplier A,1463.56,4,East,Bangalore,Social Media,No,,,0,2,,0.15817090328810393,Low
ORD100070,2024-11-02,2024-11-09,P1049,Electronics,Supplier B,693.89,1,South,Chennai,Organic,No,,,0,7,,0.2529776416993968,Low
ORD100071,2024-05-20,2024-05-24,P1103,Electronics,Supplier C,840.38,1,North,Chennai,Email,No,,,0,4,,0.19205970904042463,Low
ORD100072,2024-03-23,2024-04-01,P1131,Sports,Supplier D,1292.34,4,South,Delhi,Organic,No,,,0,9,,0.32981972632501955,Low
ORD100073,2024-06-25,2024-06-29,P1001,Sports,Supplier C,807.25,4,South,Hyderabad,Organic,No,,,0,4,,0.2766269157846023,Low
ORD100074,2024-07-16,2024-07-22,P1133,Beauty,Supplier A,284.85,3,North,Mumbai,Ads,No,,,0,6,,0.20394868539366903,Low
ORD100075,2024-04-21,2024-04-24,P1053,Electronics,Supplier D,456.4,4,East,Kolkata,Email,No,,,0,3,,0.13013615630430544,Low
ORD100076,2024-02-25,2024-02-29,P1105,Beauty,Supplier B,471.81,2,East,Chennai,Organic,Yes,2024-03-14,Wrong Item,1,4,14.0,0.21139537848102968,Low
ORD100077,2024-06-27,2024-07-05,P1003,Home,Supplier A,602.0,2,North,Kolkata,Social Media,No,,,0,8,,0.13510815820127683,Low
ORD100078,2024-07-04,2024-07-11,P1053,Fashion,Supplier A,645.92,3,South,Hyderabad,Social Media,No,,,0,7,,0.22782521451507667,Low
ORD100079,2024-08-05,2024-08-08,P1190,Electronics,Supplier D,1201.68,1,South,Hyderabad,Ads,No,,,0,3,,0.26305106769665004,Low
ORD100080,2024-11-11,2024-11-20,P1145,Home,Supplier B,530.59,1,South,Bangalore,Social Media,Yes,2024-12-02,Wrong Item,1,9,12.0,0.12393488130275881,Low
ORD100081,2024-08-04,2024-08-12,P1043,Electronics,Supplier D,707.67,4,West,Mumbai,Social Media,No,,,0,8,,0.16196009298416295,Low
ORD100082,2024-04-29,2024-05-03,P1161,Sports,Supplier B,941.21,2,East,Delhi,Organic,Yes,2024-05-17,Not as Described,1,4,14.0,0.2510593014952426,Low
ORD100083,2024-06-23,2024-06-29,P1189,Beauty,Supplier A,572.81,1,South,Kolkata,Social Media,No,,,0,6,,0.1784859551713999,Low
ORD100084,2024-01-23,2024-01-28,P1013,Sports,Supplier C,1256.48,3,East,Mumbai,Social Media,No,,,0,5,,0.1989248587252515,Low
ORD100085,2024-07-31,2024-08-06,P1094,Fashion,Supplier A,885.31,3,South,Delhi,Organic,No,,,0,6,,0.3470248199036626,Low
ORD100086,2024-08-22,2024-08-30,P1047,Sports,Supplier C,448.13,2,North,Kolkata,Ads,No,,,0,8,,0.21459980240662038,Low
ORD100087,2024-01-13,2024-01-15,P1014,Electronics,Supplier C,1073.95,3,North,Mumbai,Ads,No,,,0,2,,0.26219884065786253,Low
ORD100088,2024-04-10,2024-04-14,P1199,Sports,Supplier B,796.2,3,East,Chennai,Email,Yes,2024-04-15,Size Issue,1,4,1.0,0.15969968572476825,Low
ORD100089,2024-01-24,2024-02-01,P1189,Electronics,Supplier D,806.34,2,East,Kolkata,Social Media,No,,,0,8,,0.15581563783441918,Low
ORD100090,2024-12-29,2024-12-31,P1039,Fashion,Supplier B,726.82,4,North,Mumbai,Organic,No,,,0,2,,0.3424175352855578,Low
ORD100091,2024-01-11,2024-01-13,P1081,Sports,Supplier A,750.55,4,West,Hyderabad,Email,No,,,0,2,,0.16981889615377804,Low
ORD100092,2024-09-29,2024-10-06,P1110,Beauty,Supplier D,1150.38,3,North,Delhi,Ads,Yes,2024-10-20,Damaged,1,7,14.0,0.2866510202616386,Low
ORD100093,2024-10-07,2024-10-10,P1052,Beauty,Supplier C,163.44,4,South,Mumbai,Ads,No,,,0,3,,0.18437974998049467,Low
ORD100094,2024-04-03,2024-04-10,P1023,Beauty,Supplier C,508.2,4,West,Chennai,Organic,No,,,0,7,,0.23141833607447693,Low
ORD100095,2024-07-19,2024-07-23,P1153,Sports,Supplier A,122.5,3,North,Kolkata,Email,No,,,0,4,,0.1483751993229931,Low
ORD100096,2024-01-21,2024-01-23,P1187,Sports,Supplier D,1132.34,4,West,Kolkata,Email,Yes,2024-01-29,Damaged,1,2,6.0,0.19966743781634064,Low
ORD100097,2024-12-05,2024-12-14,P1123,Sports,Supplier A,415.73,3,West,Kolkata,Organic,No,,,0,9,,0.21943922678405578,Low
ORD100098,2024-07-29,2024-08-06,P1040,Electronics,Supplier A,1347.17,1,West,Chennai,Organic,No,,,0,8,,0.3000284226510606,Low
ORD100099,2024-05-19,2024-05-24,P1156,Fashion,Supplier B,794.6,2,East,Delhi,Email,No,,,0,5,,0.20217167824693744,Low
ORD100100,2024-10-19,2024-10-21,P1014,Beauty,Supplier A,1203.12,2,North,Kolkata,Ads,No,,,0,2,,0.29229173502557554,Low
ORD100101,2024-10-24,2024-11-01,P1044,Electronics,Supplier D,1468.61,4,East,Delhi,Social Media,No,,,0,8,,0.20663884366571744,Low
ORD100102,2024-04-10,2024-04-19,P1064,Beauty,Supplier A,1261.29,4,East,Mumbai,Ads,No,,,0,9,,0.2464887131185302,Low
ORD100103,2024-10-30,2024-11-04,P1088,Electronics,Supplier D,1301.82,4,South,Hyderabad,Organic,Yes,2024-11-07,Damaged,1,5,3.0,0.3172019943661514,Low
ORD100104,2024-12-24,2024-12-31,P1070,Sports,Supplier C,617.9,2,South,Hyderabad,Email,Yes,2025-01-08,Damaged,1,7,8.0,0.17482549955239843,Low
ORD100105,2024-01-28,2024-02-04,P1008,Beauty,Supplier A,832.07,1,West,Delhi,Email,No,,,0,7,,0.1788750172742348,Low
ORD100106,2024-02-10,2024-02-13,P1087,Sports,Supplier D,388.29,1,West,Delhi,Social Media,Yes,2024-02-19,Wrong Item,1,3,6.0,0.14839955330536875,Low
ORD100107,2024-12-20,2024-12-28,P1128,Beauty,Supplier C,302.21,2,South,Hyderabad,Email,No,,,0,8,,0.15506189342024895,Low
ORD100108,2024-10-29,2024-10-31,P1135,Home,Supplier D,763.21,1,South,Kolkata,Social Media,No,,,0,2,,0.13767719819975663,Low
ORD100109,2024-05-25,2024-05-31,P1062,Electronics,Supplier C,896.62,2,North,Bangalore,Ads,No,,,0,6,,0.24475476593350262,Low
ORD100110,2024-09-12,2024-09-19,P1138,Home,Supplier B,515.51,1,West,Bangalore,Ads,Yes,2024-09-30,No Longer Needed,1,7,11.0,0.14002961353916468,Low
ORD100111,2024-08-14,2024-08-21,P1080,Electronics,Supplier A,858.47,3,West,Chennai,Email,No,,,0,7,,0.1689087935704494,Low
ORD100112,2024-08-23,2024-08-26,P1135,Fashion,Supplier A,1332.32,3,South,Hyderabad,Email,Yes,2024-08-28,No Longer Needed,1,3,2.0,0.2907434196406029,Low
ORD100113,2024-12-26,2024-12-31,P1162,Beauty,Supplier C,839.52,2,North,Hyderabad,Organic,Yes,2025-01-08,Not as Described,1,5,8.0,0.296937951361777,Low
ORD100114,2024-01-13,2024-01-16,P1162,Fashion,Supplier B,1084.01,1,South,Chennai,Organic,Yes,2024-01-21,Late Delivery,1,3,5.0,0.3707931937609557,Low
ORD100115,2024-07-28,2024-08-06,P1032,Fashion,Supplier D,1209.92,4,South,Bangalore,Email,No,,,0,9,,0.2777948740274477,Low
ORD100116,2024-08-16,2024-08-18,P1122,Electronics,Supplier B,1483.21,1,East,Mumbai,Email,Yes,2024-08-26,Size Issue,1,2,8.0,0.20329972680203667,Low
ORD100117,2024-04-09,2024-04-17,P1004,Home,Supplier D,908.76,3,West,Kolkata,Ads,Yes,2024-04-25,No Longer Needed,1,8,8.0,0.1665126158521461,Low
ORD100118,2024-01-31,2024-02-04,P1040,Sports,Supplier D,1212.21,3,North,Kolkata,Email,No,,,0,4,,0.23492015045212108,Low
ORD100119,2024-01-16,2024-01-20,P1027,Electronics,Supplier A,1444.35,1,East,Mumbai,Organic,No,,,0,4,,0.29030174663168934,Low
ORD100120,2024-05-16,2024-05-24,P1134,Sports,Supplier C,1417.17,1,West,Mumbai,Ads,No,,,0,8,,0.27695679150676555,Low
ORD100121,2024-11-24,2024-11-29,P1071,Fashion,Supplier A,220.21,4,South,Bangalore,Social Media,No,,,0,5,,0.19123451683534023,Low
ORD100122,2024-06-14,2024-06-23,P1011,Sports,Supplier A,615.52,4,North,Chennai,Organic,Yes,2024-06-29,Damaged,1,9,6.0,0.2691504225247122,Low
ORD100123,2024-11-05,2024-11-12,P1161,Home,Supplier A,492.75,1,West,Mumbai,Organic,No,,,0,7,,0.16583416337932552,Low
ORD100124,2024-04-09,2024-04-14,P1032,Electronics,Supplier D,139.52,1,South,Chennai,Ads,No,,,0,5,,0.17044011805214476,Low
ORD100125,2024-04-18,2024-04-25,P1047,Home,Supplier A,953.53,1,East,Delhi,Social Media,No,,,0,7,,0.1259640467696715,Low
ORD100126,2024-12-08,2024-12-15,P1150,Home,Supplier D,1106.5,1,North,Kolkata,Organic,No,,,0,7,,0.24412828290148103,Low
ORD100127,2024-06-21,2024-06-25,P1061,Electronics,Supplier C,1273.71,2,West,Bangalore,Email,No,,,0,4,,0.2014190217906218,Low
ORD100128,2024-08-24,2024-08-29,P1036,Home,Supplier D,192.94,1,East,Kolkata,Organic,No,,,0,5,,0.13369895173732038,Low
ORD100129,2024-06-10,2024-06-19,P1098,Beauty,Supplier D,1315.9,4,South,Bangalore,Ads,No,,,0,9,,0.2915944009537833,Low
ORD100130,2024-08-03,2024-08-06,P1171,Beauty,Supplier B,967.96,3,South,Delhi,Ads,Yes,2024-08-08,No Longer Needed,1,3,2.0,0.2556717768677474,Low
ORD100131,2024-09-20,2024-09-27,P1103,Beauty,Supplier A,1058.88,2,West,Kolkata,Ads,No,,,0,7,,0.24501237022184685,Low
ORD100132,2024-09-19,2024-09-25,P1034,Sports,Supplier A,1366.83,1,South,Delhi,Organic,No,,,0,6,,0.3384376215598777,Low
ORD100133,2024-10-18,2024-10-24,P1192,Home,Supplier A,940.89,3,North,Bangalore,Social Media,No,,,0,6,,0.15705569571749275,Low
ORD100134,2024-09-30,2024-10-03,P1100,Electronics,Supplier A,510.44,2,West,Mumbai,Email,No,,,0,3,,0.14500070427800393,Low
ORD100135,2024-01-03,2024-01-09,P1174,Electronics,Supplier B,1239.41,3,East,Kolkata,Ads,No,,,0,6,,0.22936029317553608,Low
ORD100136,2024-01-28,2024-01-30,P1130,Sports,Supplier B,550.96,1,West,Delhi,Social Media,No,,,0,2,,0.1594108703294199,Low
ORD100137,2024-11-21,2024-11-28,P1000,Electronics,Supplier B,61.0,1,West,Hyderabad,Email,No,,,0,7,,0.11835735593342774,Low
ORD100138,2024-05-28,2024-05-31,P1004,Beauty,Supplier B,1247.68,4,East,Kolkata,Ads,No,,,0,3,,0.24517656811146793,Low
ORD100139,2024-01-28,2024-02-02,P1141,Home,Supplier A,524.34,1,South,Kolkata,Email,No,,,0,5,,0.12057273692292539,Low
ORD100140,2024-11-05,2024-11-12,P1102,Electronics,Supplier D,1163.01,1,East,Kolkata,Email,No,,,0,7,,0.17765646970825233,Low
ORD100141,2024-03-05,2024-03-08,P1026,Electronics,Supplier C,550.51,2,North,Chennai,Social Media,No,,,0,3,,0.17374199597513143,Low
ORD100142,2024-12-21,2024-12-25,P1136,Fashion,Supplier B,1292.99,4,South,Delhi,Email,No,,,0,4,,0.28654404462463373,Low
ORD100143,2024-01-21,2024-01-30,P1014,Fashion,Supplier D,337.07,2,West,Delhi,Ads,No,,,0,9,,0.22569918672154984,Low
ORD100144,2024-09-08,2024-09-13,P1089,Fashion,Supplier B,1462.08,3,South,Kolkata,Social Media,No,,,0,5,,0.31083565767261523,Low
ORD100145,2024-08-22,2024-08-31,P1041,Home,Supplier A,1171.84,1,South,Mumbai,Organic,Yes,2024-09-08,Not as Described,1,9,8.0,0.23899071066114247,Low
ORD100146,2024-08-14,2024-08-18,P1123,Beauty,Supplier A,180.21,3,North,Kolkata,Organic,No,,,0,4,,0.23062701668641428,Low
ORD100147,2024-01-13,2024-01-20,P1178,Beauty,Supplier D,853.01,2,South,Chennai,Social Media,No,,,0,7,,0.20085960564557673,Low
ORD100148,2024-11-08,2024-11-13,P1062,Beauty,Supplier D,1478.2,1,South,Bangalore,Organic,No,,,0,5,,0.356217678468698,Low
ORD100149,2024-02-18,2024-02-27,P1095,Home,Supplier D,711.89,1,South,Chennai,Email,No,,,0,9,,0.13130279651778928,Low
ORD100150,2024-04-27,2024-05-03,P1051,Home,Supplier A,281.34,2,West,Mumbai,Ads,No,,,0,6,,0.12599803379732016,Low
ORD100151,2024-02-23,2024-03-03,P1095,Fashion,Supplier A,732.32,2,South,Kolkata,Email,No,,,0,9,,0.2308023625434717,Low
ORD100152,2024-05-17,2024-05-20,P1131,Electronics,Supplier C,773.56,2,East,Delhi,Social Media,No,,,0,3,,0.15358656886953087,Low
ORD100153,2024-02-22,2024-02-29,P1150,Sports,Supplier D,1115.11,2,South,Hyderabad,Ads,No,,,0,7,,0.26647158501848534,Low
ORD100154,2024-02-13,2024-02-15,P1142,Sports,Supplier C,1051.28,2,North,Kolkata,Social Media,No,,,0,2,,0.22507415723279567,Low
ORD100155,2024-10-29,2024-11-07,P1170,Electronics,Supplier B,609.8,1,South,Mumbai,Social Media,Yes,2024-11-18,Late Delivery,1,9,11.0,0.1693100734894045,Low
ORD100156,2024-02-22,2024-02-27,P1028,Fashion,Supplier C,334.85,2,South,Delhi,Social Media,Yes,2024-03-04,No Longer Needed,1,5,6.0,0.20062482463648262,Low
ORD100157,2024-03-14,2024-03-19,P1035,Electronics,Supplier B,971.13,1,West,Chennai,Email,No,,,0,5,,0.17729311778578527,Low
ORD100158,2024-02-15,2024-02-23,P1012,Electronics,Supplier B,638.34,1,East,Bangalore,Ads,No,,,0,8,,0.1788008175249869,Low
ORD100159,2024-01-13,2024-01-22,P1159,Sports,Supplier C,207.09,2,South,Bangalore,Ads,No,,,0,9,,0.184705878126795,Low
ORD100160,2024-06-13,2024-06-20,P1070,Fashion,Supplier D,1351.85,2,East,Kolkata,Ads,Yes,2024-06-26,Not as Described,1,7,6.0,0.3095237858344842,Low
ORD100161,2024-04-11,2024-04-18,P1186,Home,Supplier B,1039.92,4,North,Chennai,Email,No,,,0,7,,0.1601803823568399,Low
ORD100162,2024-10-06,2024-10-10,P1085,Sports,Supplier D,1027.94,1,West,Hyderabad,Organic,No,,,0,4,,0.27876861713604323,Low
ORD100163,2024-09-14,2024-09-22,P1027,Home,Supplier A,1235.65,2,East,Hyderabad,Email,No,,,0,8,,0.13961380155675607,Low
ORD100164,2024-12-02,2024-12-11,P1065,Fashion,Supplier B,799.2,2,West,Mumbai,Email,Yes,2024-12-19,Wrong Item,1,9,8.0,0.21872833722692275,Low
ORD100165,2024-12-21,2024-12-27,P1169,Electronics,Supplier A,1224.43,2,South,Bangalore,Social Media,No,,,0,6,,0.21910203123242203,Low
ORD100166,2024-05-17,2024-05-21,P1044,Beauty,Supplier C,752.16,4,North,Chennai,Ads,No,,,0,4,,0.24623648971878218,Low
ORD100167,2024-06-11,2024-06-19,P1061,Beauty,Supplier D,110.09,4,West,Kolkata,Ads,No,,,0,8,,0.16537329616820357,Low
ORD100168,2024-04-20,2024-04-29,P1184,Fashion,Supplier C,613.82,3,South,Delhi,Organic,No,,,0,9,,0.31576090132956064,Low
ORD100169,2024-04-11,2024-04-20,P1133,Beauty,Supplier B,751.22,1,East,Kolkata,Organic,No,,,0,9,,0.23663145929319768,Low
ORD100170,2024-01-17,2024-01-21,P1027,Home,Supplier A,1083.1,3,North,Kolkata,Social Media,No,,,0,4,,0.16709614778265133,Low
ORD100171,2024-09-24,2024-09-30,P1027,Beauty,Supplier B,168.8,2,North,Chennai,Ads,No,,,0,6,,0.1943258236627421,Low
ORD100172,2024-06-30,2024-07-08,P1107,Fashion,Supplier C,218.63,4,East,Bangalore,Organic,Yes,2024-07-09,Late Delivery,1,8,1.0,0.2350154866762443,Low
ORD100173,2024-01-24,2024-02-02,P1043,Fashion,Supplier D,402.89,4,East,Chennai,Organic,No,,,0,9,,0.25267692111423595,Low
ORD100174,2024-01-29,2024-02-07,P1083,Home,Supplier D,407.08,3,North,Delhi,Ads,No,,,0,9,,0.1537712605167189,Low
ORD100175,2024-06-19,2024-06-27,P1029,Beauty,Supplier B,1100.96,4,West,Chennai,Email,No,,,0,8,,0.2003416004940414,Low
ORD100176,2024-08-15,2024-08-17,P1189,Beauty,Supplier B,383.59,2,North,Mumbai,Organic,No,,,0,2,,0.24992484900858342,Low
ORD100177,2024-07-06,2024-07-10,P1074,Electronics,Supplier A,953.32,4,East,Kolkata,Ads,No,,,0,4,,0.20412681480373657,Low
ORD100178,2024-12-11,2024-12-15,P1127,Sports,Supplier C,746.47,3,West,Bangalore,Organic,No,,,0,4,,0.25031237576270327,Low
ORD100179,2024-08-17,2024-08-22,P1091,Fashion,Supplier B,864.21,2,South,Hyderabad,Social Media,No,,,0,5,,0.2484086160660443,Low
ORD100180,2024-11-16,2024-11-22,P1189,Electronics,Supplier A,1258.78,3,North,Delhi,Organic,No,,,0,6,,0.3258488149794153,Low
ORD100181,2024-12-05,2024-12-08,P1128,Fashion,Supplier B,612.53,4,East,Hyderabad,Ads,No,,,0,3,,0.23383079591397116,Low
ORD100182,2024-04-28,2024-04-30,P1120,Electronics,Supplier D,1158.66,3,South,Kolkata,Organic,No,,,0,2,,0.3013019253254633,Low
ORD100183,2024-06-04,2024-06-12,P1026,Sports,Supplier A,638.83,3,North,Chennai,Social Media,No,,,0,8,,0.18987566666115063,Low
ORD100184,2024-09-28,2024-10-06,P1189,Electronics,Supplier A,537.27,1,North,Hyderabad,Social Media,Yes,2024-10-08,Not as Described,1,8,2.0,0.17275583109050832,Low
ORD100185,2024-06-23,2024-07-01,P1120,Fashion,Supplier B,1438.35,4,West,Mumbai,Organic,No,,,0,8,,0.38968469083028434,Low
ORD100186,2024-04-13,2024-04-15,P1115,Beauty,Supplier C,284.71,4,East,Chennai,Organic,No,,,0,2,,0.1956306704227695,Low
ORD100187,2024-04-01,2024-04-10,P1002,Fashion,Supplier D,144.6,3,South,Kolkata,Social Media,Yes,2024-04-22,No Longer Needed,1,9,12.0,0.1852270771125459,Low
ORD100188,2024-07-04,2024-07-12,P1102,Home,Supplier C,1158.77,1,North,Hyderabad,Social Media,No,,,0,8,,0.1726446044314364,Low
ORD100189,2024-10-09,2024-10-17,P1197,Home,Supplier A,111.69,4,West,Delhi,Email,No,,,0,8,,0.09065301854074904,Low
ORD100190,2024-06-29,2024-07-05,P1199,Home,Supplier C,1257.25,2,South,Hyderabad,Email,Yes,2024-07-17,Wrong Item,1,6,12.0,0.16715969885809412,Low
ORD100191,2024-06-18,2024-06-25,P1154,Home,Supplier A,661.42,3,South,Hyderabad,Social Media,No,,,0,7,,0.13151260473016516,Low
ORD100192,2024-07-05,2024-07-12,P1136,Sports,Supplier C,1374.12,4,North,Bangalore,Organic,No,,,0,7,,0.3533256638836286,Low
ORD100193,2024-06-23,2024-06-28,P1061,Beauty,Supplier B,1085.08,2,South,Hyderabad,Ads,No,,,0,5,,0.2674334872361936,Low
ORD100194,2024-08-09,2024-08-14,P1164,Beauty,Supplier C,919.5,4,North,Kolkata,Organic,No,,,0,5,,0.3056933977527408,Low
ORD100195,2024-08-20,2024-08-28,P1050,Fashion,Supplier A,1424.47,2,West,Delhi,Organic,Yes,2024-09-06,Not as Described,1,8,9.0,0.387969443468518,Low
ORD100196,2024-06-10,2024-06-16,P1171,Electronics,Supplier D,601.01,3,West,Kolkata,Email,Yes,2024-06-27,Not as Described,1,6,11.0,0.15093786092715009,Low
ORD100197,2024-05-13,2024-05-21,P1151,Fashion,Supplier D,1431.59,4,South,Mumbai,Email,No,,,0,8,,0.30150232094190954,Low
ORD100198,2024-08-11,2024-08-16,P1058,Fashion,Supplier D,211.15,4,North,Chennai,Email,No,,,0,5,,0.19579558389604967,Low
ORD100199,2024-06-01,2024-06-03,P1117,Fashion,Supplier A,730.79,1,East,Hyderabad,Social Media,No,,,0,2,,0.20135049104472083,Low
ORD100200,2024-02-02,2024-02-04,P1159,Fashion,Supplier C,412.17,3,West,Bangalore,Social Media,Yes,2024-02-16,No Longer Needed,1,2,12.0,0.19057611616276784,Low
ORD100201,2024-02-24,2024-03-04,P1095,Beauty,Supplier D,814.37,2,North,Delhi,Organic,No,,,0,9,,0.2942148953676778,Low
ORD100202,2024-01-07,2024-01-10,P1179,Electronics,Supplier D,251.4,4,North,Bangalore,Organic,No,,,0,3,,0.22254866848090082,Low
ORD100203,2024-08-31,2024-09-07,P1112,Fashion,Supplier D,1263.88,4,North,Bangalore,Ads,No,,,0,7,,0.35785302727288426,Low
ORD100204,2024-11-08,2024-11-14,P1061,Beauty,Supplier B,1271.15,2,South,Bangalore,Organic,No,,,0,6,,0.33192573197621583,Low
ORD100205,2024-05-05,2024-05-09,P1185,Fashion,Supplier A,1433.3,3,East,Hyderabad,Organic,Yes,2024-05-17,Late Delivery,1,4,8.0,0.36619959134824204,Low
ORD100206,2024-01-12,2024-01-19,P1051,Home,Supplier A,240.46,1,South,Delhi,Email,No,,,0,7,,0.10577530666092455,Low
ORD100207,2024-01-16,2024-01-20,P1011,Fashion,Supplier A,938.77,1,West,Delhi,Email,No,,,0,4,,0.2313838416536298,Low
ORD100208,2024-07-26,2024-07-29,P1038,Fashion,Supplier A,716.61,4,South,Bangalore,Email,No,,,0,3,,0.2293552072138918,Low
ORD100209,2024-02-12,2024-02-15,P1129,Sports,Supplier A,523.13,2,North,Chennai,Email,No,,,0,3,,0.17667085978359892,Low
ORD100210,2024-05-14,2024-05-22,P1130,Home,Supplier B,533.79,4,South,Hyderabad,Email,No,,,0,8,,0.12109478167789674,Low
ORD100211,2024-08-15,2024-08-20,P1112,Electronics,Supplier C,625.06,2,North,Hyderabad,Ads,No,,,0,5,,0.21959955902280362,Low
ORD100212,2024-04-20,2024-04-23,P1100,Fashion,Supplier B,1060.34,1,East,Kolkata,Ads,No,,,0,3,,0.27809382313389597,Low
ORD100213,2024-11-02,2024-11-05,P1112,Electronics,Supplier D,901.45,3,South,Hyderabad,Ads,No,,,0,3,,0.233922226020221,Low
ORD100214,2024-06-08,2024-06-12,P1183,Home,Supplier B,694.93,2,South,Bangalore,Email,No,,,0,4,,0.13030009248333727,Low
ORD100215,2024-11-26,2024-12-01,P1080,Fashion,Supplier A,123.14,1,South,Mumbai,Social Media,No,,,0,5,,0.1835488117298145,Low
ORD100216,2024-09-20,2024-09-23,P1186,Sports,Supplier B,125.87,4,North,Bangalore,Email,No,,,0,3,,0.14859677614871822,Low
ORD100217,2024-08-12,2024-08-19,P1112,Beauty,Supplier A,13.49,2,North,Delhi,Email,No,,,0,7,,0.14386443501841512,Low
ORD100218,2024-08-04,2024-08-13,P1001,Sports,Supplier B,1451.87,3,South,Hyderabad,Ads,No,,,0,9,,0.30206622893147805,Low
ORD100219,2024-02-14,2024-02-17,P1129,Sports,Supplier A,17.83,4,South,Hyderabad,Email,No,,,0,3,,0.13425459352908978,Low
ORD100220,2024-08-01,2024-08-10,P1053,Beauty,Supplier D,163.61,4,East,Kolkata,Ads,Yes,2024-08-22,Wrong Item,1,9,12.0,0.15600748372763876,Low
ORD100221,2024-02-28,2024-03-04,P1086,Beauty,Supplier A,478.75,1,East,Mumbai,Email,No,,,0,5,,0.14124205596691047,Low
ORD100222,2024-05-11,2024-05-19,P1128,Beauty,Supplier B,1213.07,2,West,Hyderabad,Organic,No,,,0,8,,0.3028473217716283,Low
ORD100223,2024-04-13,2024-04-19,P1146,Fashion,Supplier D,1443.53,4,East,Kolkata,Social Media,No,,,0,6,,0.26752064647070234,Low
ORD100224,2024-07-13,2024-07-18,P1125,Electronics,Supplier B,1187.12,3,East,Kolkata,Social Media,No,,,0,5,,0.18366888131549808,Low
ORD100225,2024-06-05,2024-06-09,P1129,Electronics,Supplier D,1038.93,2,East,Mumbai,Ads,No,,,0,4,,0.21145457862344696,Low
ORD100226,2024-04-07,2024-04-13,P1052,Beauty,Supplier C,786.74,3,North,Bangalore,Organic,No,,,0,6,,0.2912401786399853,Low
ORD100227,2024-08-13,2024-08-20,P1171,Sports,Supplier C,139.19,4,East,Bangalore,Social Media,No,,,0,7,,0.12195593658114279,Low
ORD100228,2024-07-23,2024-07-25,P1159,Home,Supplier C,1437.67,3,East,Bangalore,Ads,No,,,0,2,,0.19266322417208182,Low
ORD100229,2024-03-19,2024-03-28,P1197,Beauty,Supplier B,1140.0,1,South,Chennai,Email,No,,,0,9,,0.22101274850223018,Low
ORD100230,2024-05-03,2024-05-12,P1159,Sports,Supplier B,962.03,3,North,Bangalore,Email,No,,,0,9,,0.21234760412524403,Low
ORD100231,2024-08-05,2024-08-14,P1067,Sports,Supplier D,1140.96,2,West,Mumbai,Organic,No,,,0,9,,0.2907373520477663,Low
ORD100232,2024-01-04,2024-01-09,P1182,Fashion,Supplier D,1088.91,3,West,Chennai,Social Media,No,,,0,5,,0.2507990889262299,Low
ORD100233,2024-03-30,2024-04-08,P1183,Fashion,Supplier D,959.48,3,East,Bangalore,Email,No,,,0,9,,0.21635494350684908,Low
ORD100234,2024-04-13,2024-04-21,P1122,Electronics,Supplier D,1471.06,1,West,Chennai,Ads,Yes,2024-04-28,Damaged,1,8,7.0,0.2700885591621562,Low
ORD100235,2024-04-28,2024-05-07,P1144,Electronics,Supplier A,1356.01,3,West,Mumbai,Email,No,,,0,9,,0.2083909797466555,Low
ORD100236,2024-05-12,2024-05-16,P1037,Home,Supplier C,973.53,3,West,Bangalore,Email,No,,,0,4,,0.13499280193237728,Low
ORD100237,2024-11-07,2024-11-14,P1023,Home,Supplier A,1042.83,4,East,Delhi,Social Media,No,,,0,7,,0.13116610066480378,Low
ORD100238,2024-04-05,2024-04-14,P1068,Home,Supplier A,86.88,4,West,Hyderabad,Social Media,No,,,0,9,,0.09191233270568633,Low
ORD100239,2024-11-26,2024-12-05,P1115,Home,Supplier A,1008.18,2,East,Mumbai,Ads,No,,,0,9,,0.16028095385474442,Low
ORD100240,2024-05-22,2024-05-28,P1097,Sports,Supplier A,75.81,4,South,Kolkata,Organic,No,,,0,6,,0.2072443757028927,Low
ORD100241,2024-10-14,2024-10-21,P1197,Sports,Supplier C,886.51,4,South,Kolkata,Organic,No,,,0,7,,0.2849499744555507,Low
ORD100242,2024-01-28,2024-02-06,P1138,Electronics,Supplier A,1499.04,4,West,Mumbai,Email,Yes,2024-02-13,Size Issue,1,9,7.0,0.2209267963560591,Low
ORD100243,2024-10-04,2024-10-09,P1143,Fashion,Supplier D,838.15,4,South,Kolkata,Ads,Yes,2024-10-14,Late Delivery,1,5,5.0,0.29564929552715574,Low
ORD100244,2024-08-20,2024-08-23,P1096,Fashion,Supplier B,715.08,1,East,Mumbai,Organic,No,,,0,3,,0.28454202169263443,Low
ORD100245,2024-01-17,2024-01-25,P1123,Beauty,Supplier D,476.15,4,South,Delhi,Organic,Yes,2024-01-27,Wrong Item,1,8,2.0,0.24733038790874828,Low
ORD100246,2024-02-28,2024-03-04,P1186,Sports,Supplier B,189.58,1,West,Mumbai,Email,No,,,0,5,,0.1325468828072305,Low
ORD100247,2024-03-30,2024-04-01,P1069,Home,Supplier D,1099.23,1,East,Bangalore,Ads,No,,,0,2,,0.16675644942210824,Low
ORD100248,2024-07-17,2024-07-22,P1092,Home,Supplier D,296.97,4,North,Bangalore,Organic,Yes,2024-08-02,Not as Described,1,5,11.0,0.17492068161313665,Low
ORD100249,2024-12-27,2025-01-02,P1002,Beauty,Supplier B,181.77,3,East,Chennai,Social Media,No,,,0,6,,0.12659978276622028,Low
ORD100250,2024-01-26,2024-02-01,P1147,Fashion,Supplier C,638.43,1,South,Kolkata,Social Media,No,,,0,6,,0.22714074240829457,Low
ORD100251,2024-01-25,2024-02-03,P1186,Home,Supplier A,1195.06,3,North,Hyderabad,Email,Yes,2024-02-09,Wrong Item,1,9,6.0,0.17133274111591926,Low
ORD100252,2024-10-27,2024-11-01,P1163,Fashion,Supplier D,1120.15,3,East,Kolkata,Email,No,,,0,5,,0.23085587090502538,Low
ORD100253,2024-12-04,2024-12-10,P1146,Beauty,Supplier C,91.78,4,North,Mumbai,Email,No,,,0,6,,0.14895190183642515,Low
ORD100254,2024-09-23,2024-09-26,P1089,Fashion,Supplier A,688.16,2,North,Hyderabad,Email,No,,,0,3,,0.237809031368569,Low
ORD100255,2024-06-29,2024-07-06,P1194,Fashion,Supplier C,788.43,4,North,Hyderabad,Organic,No,,,0,7,,0.3496674932382409,Low
ORD100256,2024-12-25,2024-12-30,P1146,Fashion,Supplier C,970.37,2,East,Kolkata,Ads,No,,,0,5,,0.2687993875083822,Low
ORD100257,2024-03-08,2024-03-16,P1147,Home,Supplier A,978.75,2,South,Hyderabad,Email,No,,,0,8,,0.14795679828064395,Low
ORD100258,2024-12-16,2024-12-19,P1095,Electronics,Supplier D,553.4,4,East,Hyderabad,Email,Yes,2024-12-29,Size Issue,1,3,10.0,0.1359534818093474,Low
ORD100259,2024-11-16,2024-11-25,P1198,Sports,Supplier C,845.41,4,South,Bangalore,Organic,No,,,0,9,,0.28061530366868664,Low
ORD100260,2024-02-18,2024-02-25,P1051,Fashion,Supplier D,726.78,2,East,Delhi,Email,No,,,0,7,,0.19654279363494256,Low
ORD100261,2024-06-23,2024-07-01,P1160,Fashion,Supplier D,1328.65,4,East,Mumbai,Email,Yes,2024-07-04,No Longer Needed,1,8,3.0,0.25066639598992074,Low
ORD100262,2024-02-21,2024-03-01,P1167,Fashion,Supplier D,800.1,2,East,Kolkata,Ads,No,,,0,9,,0.25175656587636597,Low
ORD100263,2024-04-11,2024-04-19,P1127,Electronics,Supplier A,667.14,3,South,Bangalore,Social Media,No,,,0,8,,0.17354521329281025,Low
ORD100264,2024-08-03,2024-08-12,P1038,Beauty,Supplier B,612.68,4,East,Chennai,Email,No,,,0,9,,0.1499024779209819,Low
ORD100265,2024-07-06,2024-07-14,P1081,Home,Supplier D,862.92,3,North,Hyderabad,Organic,No,,,0,8,,0.22151774644631067,Low
ORD100266,2024-02-26,2024-03-04,P1103,Electronics,Supplier B,1207.93,1,East,Hyderabad,Ads,No,,,0,7,,0.2264796327416009,Low
ORD100267,2024-02-16,2024-02-19,P1128,Fashion,Supplier B,812.22,3,North,Kolkata,Organic,No,,,0,3,,0.35248591055604067,Low
ORD100268,2024-06-07,2024-06-15,P1010,Electronics,Supplier C,995.87,3,West,Delhi,Ads,No,,,0,8,,0.22421325942349243,Low
ORD100269,2024-06-22,2024-06-30,P1184,Electronics,Supplier D,1109.41,2,West,Delhi,Ads,No,,,0,8,,0.2346501576707605,Low
ORD100270,2024-08-29,2024-09-02,P1177,Electronics,Supplier D,785.05,3,South,Kolkata,Email,No,,,0,4,,0.1783633799846768,Low
ORD100271,2024-10-08,2024-10-13,P1150,Beauty,Supplier D,645.96,4,South,Kolkata,Email,No,,,0,5,,0.1799504379777172,Low
ORD100272,2024-08-28,2024-09-04,P1158,Sports,Supplier B,1316.23,2,West,Bangalore,Email,No,,,0,7,,0.21538799342503115,Low
ORD100273,2024-01-05,2024-01-14,P1041,Home,Supplier A,632.08,1,East,Kolkata,Social Media,No,,,0,9,,0.10868110346816084,Low
ORD100274,2024-03-24,2024-03-31,P1098,Beauty,Supplier B,698.29,4,East,Chennai,Social Media,No,,,0,7,,0.15939129750051415,Low
ORD100275,2024-11-03,2024-11-09,P1006,Beauty,Supplier D,1485.61,1,East,Bangalore,Organic,No,,,0,6,,0.31230997016825196,Low
ORD100276,2024-12-26,2025-01-04,P1143,Sports,Supplier D,10.35,3,West,Hyderabad,Email,Yes,2025-01-08,Size Issue,1,9,4.0,0.12219271656585844,Low
ORD100277,2024-09-04,2024-09-11,P1089,Beauty,Supplier D,286.35,4,North,Hyderabad,Social Media,No,,,0,7,,0.16609187247913307,Low
ORD100278,2024-02-23,2024-02-26,P1111,Electronics,Supplier B,582.11,4,South,Hyderabad,Email,No,,,0,3,,0.1634187838115137,Low
ORD100279,2024-06-09,2024-06-18,P1059,Electronics,Supplier D,1399.56,1,North,Hyderabad,Social Media,Yes,2024-07-01,Damaged,1,9,13.0,0.24641670309985017,Low
ORD100280,2024-08-13,2024-08-22,P1112,Fashion,Supplier C,114.34,4,West,Mumbai,Social Media,No,,,0,9,,0.1678212804461005,Low
ORD100281,2024-01-15,2024-01-22,P1001,Beauty,Supplier D,24.13,4,North,Chennai,Ads,No,,,0,7,,0.1828175142339347,Low
ORD100282,2024-08-11,2024-08-20,P1128,Fashion,Supplier A,88.5,4,East,Bangalore,Email,No,,,0,9,,0.14931802130984054,Low
ORD100283,2024-03-01,2024-03-05,P1047,Home,Supplier C,141.93,3,East,Bangalore,Email,No,,,0,4,,0.08414982887466567,Low
ORD100284,2024-05-01,2024-05-06,P1139,Electronics,Supplier D,66.02,1,North,Hyderabad,Social Media,No,,,0,5,,0.14048367615968924,Low
ORD100285,2024-10-03,2024-10-12,P1196,Home,Supplier C,724.87,4,West,Delhi,Email,No,,,0,9,,0.12059330450989572,Low
ORD100286,2024-02-15,2024-02-20,P1036,Sports,Supplier D,875.33,2,North,Bangalore,Social Media,Yes,2024-03-01,Damaged,1,5,10.0,0.20951781828536106,Low
ORD100287,2024-10-20,2024-10-27,P1159,Electronics,Supplier A,414.81,2,East,Chennai,Email,No,,,0,7,,0.1277074308985434,Low
ORD100288,2024-03-02,2024-03-10,P1008,Home,Supplier D,603.45,2,East,Kolkata,Ads,No,,,0,8,,0.13393498778496954,Low
ORD100289,2024-03-26,2024-03-28,P1098,Sports,Supplier C,146.63,2,West,Chennai,Email,No,,,0,2,,0.12999988638687657,Low
ORD100290,2024-07-28,2024-07-30,P1146,Home,Supplier A,511.19,3,North,Hyderabad,Ads,No,,,0,2,,0.1609489128041918,Low
ORD100291,2024-03-18,2024-03-26,P1047,Sports,Supplier B,788.55,4,East,Hyderabad,Organic,No,,,0,8,,0.23642932293418176,Low
ORD100292,2024-07-20,2024-07-28,P1130,Sports,Supplier A,1101.08,1,East,Mumbai,Email,No,,,0,8,,0.18213910077442524,Low
ORD100293,2024-10-28,2024-11-05,P1147,Electronics,Supplier A,14.99,4,North,Bangalore,Email,No,,,0,8,,0.13401702820822062,Low
ORD100294,2024-08-10,2024-08-13,P1151,Fashion,Supplier A,706.29,3,North,Bangalore,Email,Yes,2024-08-25,Size Issue,1,3,12.0,0.23952211600881276,Low
ORD100295,2024-08-09,2024-08-11,P1053,Sports,Supplier C,452.53,2,South,Bangalore,Ads,No,,,0,2,,0.2047036742596461,Low
ORD100296,2024-01-03,2024-01-11,P1119,Sports,Supplier A,1280.7,3,West,Hyderabad,Email,No,,,0,8,,0.2122820122631452,Low
ORD100297,2024-01-06,2024-01-09,P1160,Electronics,Supplier D,1076.17,4,West,Bangalore,Email,No,,,0,3,,0.18540128448891538,Low
ORD100298,2024-04-02,2024-04-08,P1151,Fashion,Supplier A,887.77,1,North,Delhi,Social Media,No,,,0,6,,0.2625328655616473,Low
ORD100299,2024-01-08,2024-01-17,P1115,Beauty,Supplier A,423.13,3,West,Delhi,Organic,Yes,2024-01-28,Late Delivery,1,9,11.0,0.2236436685719913,Low
ORD100300,2024-08-22,2024-08-25,P1074,Beauty,Supplier D,1366.41,1,East,Kolkata,Ads,Yes,2024-08-27,Late Delivery,1,3,2.0,0.2567816728514474,Low
ORD100301,2024-04-17,2024-04-19,P1112,Fashion,Supplier D,77.2,3,North,Bangalore,Social Media,No,,,0,2,,0.18933221232861439,Low
ORD100302,2024-06-09,2024-06-16,P1199,Home,Supplier B,173.11,1,North,Mumbai,Ads,No,,,0,7,,0.13859702374295826,Low
ORD100303,2024-07-27,2024-08-02,P1163,Electronics,Supplier A,593.53,1,North,Kolkata,Social Media,No,,,0,6,,0.17697697384384448,Low
ORD100304,2024-08-27,2024-08-29,P1165,Fashion,Supplier C,195.41,2,South,Hyderabad,Organic,No,,,0,2,,0.2707338955715668,Low
ORD100305,2024-11-26,2024-12-05,P1103,Beauty,Supplier A,1435.06,1,West,Bangalore,Social Media,Yes,2024-12-19,Not as Described,1,9,14.0,0.23463176241439057,Low
ORD100306,2024-11-28,2024-12-01,P1083,Sports,Supplier A,1199.0,2,South,Delhi,Ads,No,,,0,3,,0.2750849482184098,Low
ORD100307,2024-02-19,2024-02-23,P1111,Beauty,Supplier D,395.88,4,East,Mumbai,Email,No,,,0,4,,0.13609545769765538,Low
ORD100308,2024-01-11,2024-01-16,P1098,Sports,Supplier B,886.95,4,West,Kolkata,Email,No,,,0,5,,0.18005409228052036,Low
ORD100309,2024-12-16,2024-12-25,P1152,Electronics,Supplier A,1473.67,2,South,Mumbai,Organic,No,,,0,9,,0.3368652005749302,Low
ORD100310,2024-06-04,2024-06-06,P1092,Sports,Supplier C,1327.46,2,North,Bangalore,Ads,Yes,2024-06-08,Damaged,1,2,2.0,0.3015027172191884,Low
ORD100311,2024-03-10,2024-03-18,P1145,Fashion,Supplier A,905.19,3,South,Chennai,Ads,Yes,2024-03-30,Not as Described,1,8,12.0,0.3029603118767511,Low
ORD100312,2024-06-17,2024-06-20,P1127,Sports,Supplier C,1356.55,3,North,Mumbai,Ads,No,,,0,3,,0.3046980392076013,Low
ORD100313,2024-09-28,2024-10-06,P1109,Home,Supplier D,1483.89,3,South,Mumbai,Organic,No,,,0,8,,0.26973850528384447,Low
ORD100314,2024-03-08,2024-03-16,P1081,Fashion,Supplier B,1117.6,4,South,Hyderabad,Email,Yes,2024-03-24,Damaged,1,8,8.0,0.2682667597913454,Low
ORD100315,2024-12-20,2024-12-28,P1193,Electronics,Supplier A,106.83,3,South,Delhi,Social Media,Yes,2025-01-05,Size Issue,1,8,8.0,0.13562915109987167,Low
ORD100316,2024-09-08,2024-09-16,P1053,Fashion,Supplier B,608.35,1,North,Bangalore,Organic,Yes,2024-09-26,Late Delivery,1,8,10.0,0.32868344172585023,Low
ORD100317,2024-02-17,2024-02-25,P1162,Home,Supplier A,1258.36,1,South,Mumbai,Social Media,No,,,0,8,,0.17118790610296244,Low
ORD100318,2024-07-02,2024-07-08,P1188,Electronics,Supplier C,353.55,3,West,Bangalore,Email,No,,,0,6,,0.13517610872084157,Low
ORD100319,2024-11-15,2024-11-17,P1168,Beauty,Supplier B,1247.66,1,West,Delhi,Organic,No,,,0,2,,0.30665842348725997,Low
ORD100320,2024-07-05,2024-07-14,P1160,Home,Supplier A,189.3,4,West,Hyderabad,Email,No,,,0,9,,0.09403539253889413,Low
ORD100321,2024-03-30,2024-04-01,P1067,Electronics,Supplier D,79.95,1,North,Bangalore,Social Media,No,,,0,2,,0.14136063444600044,Low
ORD100322,2024-11-27,2024-12-06,P1032,Sports,Supplier C,582.3,4,North,Delhi,Ads,Yes,2024-12-12,Late Delivery,1,9,6.0,0.22659337161417184,Low
ORD100323,2024-05-18,2024-05-23,P1141,Fashion,Supplier B,64.73,2,West,Delhi,Ads,No,,,0,5,,0.20191332356885777,Low
ORD100324,2024-12-22,2024-12-25,P1020,Electronics,Supplier A,1436.33,2,West,Kolkata,Social Media,Yes,2025-01-07,Size Issue,1,3,13.0,0.2201486306230798,Low
ORD100325,2024-03-29,2024-04-02,P1047,Fashion,Supplier B,1241.05,2,West,Hyderabad,Ads,No,,,0,4,,0.3180662688179981,Low
ORD100326,2024-09-30,2024-10-06,P1147,Sports,Supplier A,1203.15,2,East,Hyderabad,Social Media,No,,,0,6,,0.1945424547024538,Low
ORD100327,2024-01-19,2024-01-22,P1127,Electronics,Supplier C,948.37,1,West,Bangalore,Organic,No,,,0,3,,0.25835326276433185,Low
ORD100328,2024-11-06,2024-11-12,P1135,Beauty,Supplier D,332.32,3,South,Chennai,Organic,No,,,0,6,,0.23367138009738272,Low
ORD100329,2024-12-23,2025-01-01,P1134,Home,Supplier C,782.21,1,East,Kolkata,Organic,No,,,0,9,,0.17332952080123376,Low
ORD100330,2024-06-02,2024-06-04,P1194,Electronics,Supplier B,899.94,4,East,Hyderabad,Ads,No,,,0,2,,0.19965421761515129,Low
ORD100331,2024-09-16,2024-09-24,P1144,Sports,Supplier B,792.3,1,North,Delhi,Email,No,,,0,8,,0.19795980511558284,Low
ORD100332,2024-04-17,2024-04-22,P1127,Electronics,Supplier A,397.75,1,South,Hyderabad,Ads,No,,,0,5,,0.19027452363655134,Low
ORD100333,2024-10-11,2024-10-16,P1032,Fashion,Supplier C,777.72,4,North,Chennai,Ads,No,,,0,5,,0.3020602819738321,Low
ORD100334,2024-02-28,2024-03-06,P1175,Electronics,Supplier A,741.87,2,North,Mumbai,Email,No,,,0,7,,0.18423582933731142,Low
ORD100335,2024-05-04,2024-05-08,P1186,Beauty,Supplier C,1494.54,2,South,Mumbai,Email,No,,,0,4,,0.2543760693271726,Low
ORD100336,2024-12-19,2024-12-24,P1114,Electronics,Supplier B,1347.18,2,North,Hyderabad,Email,No,,,0,5,,0.23628834884680536,Low
ORD100337,2024-09-29,2024-10-07,P1118,Home,Supplier A,700.44,3,South,Hyderabad,Email,No,,,0,8,,0.1306251370970042,Low
ORD100338,2024-04-16,2024-04-18,P1021,Electronics,Supplier A,938.18,4,South,Kolkata,Ads,No,,,0,2,,0.2373624127435537,Low
ORD100339,2024-10-25,2024-10-29,P1157,Fashion,Supplier C,1124.33,4,North,Hyderabad,Social Media,No,,,0,4,,0.2870346026026829,Low
ORD100340,2024-09-01,2024-09-10,P1037,Electronics,Supplier D,61.95,1,West,Chennai,Organic,No,,,0,9,,0.180125375508139,Low
ORD100341,2024-12-01,2024-12-04,P1108,Beauty,Supplier C,1343.43,3,North,Hyderabad,Social Media,Yes,2024-12-09,Not as Described,1,3,5.0,0.25656811301290655,Low
ORD100342,2024-09-03,2024-09-12,P1050,Sports,Supplier D,1291.59,2,East,Bangalore,Ads,No,,,0,9,,0.2456029043141528,Low
ORD100343,2024-01-08,2024-01-16,P1181,Electronics,Supplier C,691.57,3,North,Chennai,Email,No,,,0,8,,0.18033706392018795,Low
ORD100344,2024-05-20,2024-05-28,P1007,Electronics,Supplier B,592.84,4,South,Kolkata,Organic,No,,,0,8,,0.24317665974344302,Low
ORD100345,2024-12-27,2025-01-01,P1026,Home,Supplier A,416.71,4,East,Bangalore,Organic,No,,,0,5,,0.1477601420024774,Low
ORD100346,2024-01-08,2024-01-12,P1026,Beauty,Supplier C,720.25,1,South,Bangalore,Social Media,No,,,0,4,,0.1900065114857694,Low
ORD100347,2024-12-17,2024-12-19,P1020,Sports,Supplier B,76.12,1,West,Mumbai,Ads,Yes,2024-12-27,Not as Described,1,2,8.0,0.1601683804053662,Low
ORD100348,2024-04-03,2024-04-12,P1029,Fashion,Supplier C,1279.77,4,West,Chennai,Ads,No,,,0,9,,0.322449470867945,Low
ORD100349,2024-11-16,2024-11-23,P1096,Electronics,Supplier A,62.78,2,East,Bangalore,Ads,Yes,2024-11-27,Wrong Item,1,7,4.0,0.1389792423260274,Low
ORD100350,2024-02-08,2024-02-17,P1027,Sports,Supplier C,500.29,2,West,Kolkata,Organic,No,,,0,9,,0.22706394080960754,Low
ORD100351,2024-03-21,2024-03-27,P1110,Fashion,Supplier D,1398.07,3,West,Mumbai,Social Media,No,,,0,6,,0.2821976240179092,Low
ORD100352,2024-07-05,2024-07-11,P1191,Beauty,Supplier A,1105.47,4,North,Bangalore,Organic,No,,,0,6,,0.32659555686284203,Low
ORD100353,2024-03-24,2024-03-26,P1196,Beauty,Supplier D,429.27,4,North,Chennai,Organic,Yes,2024-04-06,Damaged,1,2,11.0,0.25440429770979306,Low
ORD100354,2024-03-28,2024-03-30,P1060,Sports,Supplier B,386.45,2,West,Mumbai,Email,No,,,0,2,,0.14476687813686515,Low
ORD100355,2024-08-29,2024-09-04,P1047,Fashion,Supplier B,17.57,2,West,Chennai,Social Media,Yes,2024-09-08,Not as Described,1,6,4.0,0.16091042406529169,Low
ORD100356,2024-12-07,2024-12-14,P1146,Beauty,Supplier C,1046.61,4,North,Chennai,Email,No,,,0,7,,0.22333821003188778,Low
ORD100357,2024-04-02,2024-04-06,P1003,Sports,Supplier D,82.69,1,West,Chennai,Ads,No,,,0,4,,0.1606284840898468,Low
ORD100358,2024-03-26,2024-04-01,P1034,Beauty,Supplier D,803.58,4,West,Mumbai,Organic,No,,,0,6,,0.25985597554710527,Low
ORD100359,2024-02-13,2024-02-15,P1191,Beauty,Supplier A,1443.56,4,South,Bangalore,Social Media,Yes,2024-02-20,Size Issue,1,2,5.0,0.25467452651311484,Low
ORD100360,2024-05-16,2024-05-21,P1048,Beauty,Supplier D,173.11,2,West,Hyderabad,Ads,No,,,0,5,,0.1699463136432971,Low
ORD100361,2024-03-14,2024-03-17,P1016,Home,Supplier D,1342.78,2,East,Delhi,Social Media,No,,,0,3,,0.14998629948132647,Low
ORD100362,2024-02-05,2024-02-12,P1171,Fashion,Supplier A,1487.3,1,South,Bangalore,Organic,Yes,2024-02-13,Not as Described,1,7,1.0,0.42089558706602065,Medium
ORD100363,2024-04-10,2024-04-18,P1157,Sports,Supplier A,101.66,1,East,Mumbai,Social Media,No,,,0,8,,0.1198814582054821,Low
ORD100364,2024-06-04,2024-06-11,P1045,Sports,Supplier D,1325.53,3,West,Delhi,Ads,No,,,0,7,,0.2675160626016364,Low
ORD100365,2024-09-11,2024-09-16,P1116,Fashion,Supplier C,778.96,4,North,Delhi,Email,Yes,2024-09-17,Late Delivery,1,5,1.0,0.2464731354619141,Low
ORD100366,2024-06-19,2024-06-24,P1005,Fashion,Supplier A,1360.71,2,South,Delhi,Organic,Yes,2024-06-26,Damaged,1,5,2.0,0.4049391383542649,Medium
ORD100367,2024-08-03,2024-08-11,P1098,Fashion,Supplier A,861.27,1,North,Hyderabad,Email,No,,,0,8,,0.2545085759355027,Low
ORD100368,2024-06-18,2024-06-27,P1123,Fashion,Supplier D,996.55,3,South,Kolkata,Organic,No,,,0,9,,0.36024609934419943,Low
ORD100369,2024-09-08,2024-09-10,P1036,Electronics,Supplier D,820.23,3,North,Mumbai,Ads,Yes,2024-09-24,No Longer Needed,1,2,14.0,0.23748642884860668,Low
ORD100370,2024-12-25,2024-12-31,P1023,Sports,Supplier A,1298.09,2,South,Hyderabad,Organic,No,,,0,6,,0.33048098909354817,Low
ORD100371,2024-11-17,2024-11-26,P1092,Electronics,Supplier D,1103.53,2,South,Hyderabad,Email,No,,,0,9,,0.2039381044769121,Low
ORD100372,2024-02-24,2024-02-28,P1045,Beauty,Supplier A,786.68,3,East,Kolkata,Organic,No,,,0,4,,0.23997852787465898,Low
ORD100373,2024-03-31,2024-04-07,P1180,Beauty,Supplier C,1303.56,1,North,Delhi,Ads,No,,,0,7,,0.303211975874012,Low
ORD100374,2024-10-04,2024-10-12,P1094,Sports,Supplier C,375.48,3,East,Kolkata,Organic,No,,,0,8,,0.19986159089330055,Low
ORD100375,2024-04-10,2024-04-17,P1098,Beauty,Supplier A,244.44,4,East,Kolkata,Email,No,,,0,7,,0.12709886392735192,Low
ORD100376,2024-06-03,2024-06-12,P1187,Fashion,Supplier A,249.0,4,North,Hyderabad,Ads,No,,,0,9,,0.24741454133245094,Low
ORD100377,2024-12-14,2024-12-19,P1115,Electronics,Supplier B,507.67,2,South,Mumbai,Email,No,,,0,5,,0.15819532417688617,Low
ORD100378,2024-12-29,2025-01-04,P1190,Fashion,Supplier B,365.65,1,East,Chennai,Organic,No,,,0,6,,0.24903766789934856,Low
ORD100379,2024-05-20,2024-05-27,P1159,Beauty,Supplier D,1395.83,1,North,Kolkata,Social Media,Yes,2024-06-04,Wrong Item,1,7,8.0,0.2617999681822732,Low
ORD100380,2024-06-21,2024-06-25,P1160,Electronics,Supplier D,167.69,4,South,Kolkata,Email,No,,,0,4,,0.13604760982692274,Low
ORD100381,2024-01-10,2024-01-15,P1066,Fashion,Supplier A,1051.5,3,East,Delhi,Organic,No,,,0,5,,0.3214539768881698,Low
ORD100382,2024-08-15,2024-08-19,P1127,Sports,Supplier A,291.94,2,East,Delhi,Social Media,No,,,0,4,,0.13072036561266667,Low
ORD100383,2024-09-21,2024-09-27,P1017,Fashion,Supplier B,1323.64,3,East,Hyderabad,Social Media,No,,,0,6,,0.25548235577406025,Low
ORD100384,2024-09-04,2024-09-11,P1024,Beauty,Supplier B,1442.36,3,South,Delhi,Ads,Yes,2024-09-18,Damaged,1,7,7.0,0.3053622504698515,Low
ORD100385,2024-09-03,2024-09-06,P1053,Electronics,Supplier A,703.55,3,East,Bangalore,Social Media,No,,,0,3,,0.1489132780634225,Low
ORD100386,2024-06-03,2024-06-12,P1057,Sports,Supplier C,1319.82,1,South,Kolkata,Email,No,,,0,9,,0.23383237318732236,Low
ORD100387,2024-02-03,2024-02-10,P1066,Electronics,Supplier C,17.67,4,West,Delhi,Email,No,,,0,7,,0.1160262774913636,Low
ORD100388,2024-05-08,2024-05-17,P1103,Sports,Supplier D,1231.72,1,East,Mumbai,Social Media,No,,,0,9,,0.19688103276557561,Low
ORD100389,2024-06-08,2024-06-14,P1173,Electronics,Supplier A,350.65,4,West,Bangalore,Organic,No,,,0,6,,0.20336900505718314,Low
ORD100390,2024-03-29,2024-04-05,P1023,Beauty,Supplier A,1363.96,2,North,Hyderabad,Email,No,,,0,7,,0.2532618902620903,Low
ORD100391,2024-04-02,2024-04-11,P1113,Sports,Supplier D,11.67,2,East,Chennai,Email,No,,,0,9,,0.11220304755670092,Low
ORD100392,2024-11-22,2024-11-30,P1031,Home,Supplier B,838.71,3,North,Kolkata,Ads,Yes,2024-12-10,Late Delivery,1,8,10.0,0.18529623629871902,Low
ORD100393,2024-08-28,2024-09-06,P1174,Electronics,Supplier B,1137.39,4,North,Kolkata,Organic,No,,,0,9,,0.3121373859481936,Low
ORD100394,2024-11-18,2024-11-25,P1085,Electronics,Supplier C,395.45,4,North,Mumbai,Social Media,No,,,0,7,,0.1624692209226539,Low
ORD100395,2024-04-26,2024-04-28,P1150,Fashion,Supplier A,297.77,4,West,Chennai,Organic,No,,,0,2,,0.2608108585665647,Low
ORD100396,2024-04-03,2024-04-10,P1193,Sports,Supplier B,135.31,3,South,Chennai,Ads,No,,,0,7,,0.17915087193815157,Low
ORD100397,2024-06-11,2024-06-18,P1126,Home,Supplier C,496.39,3,West,Hyderabad,Ads,No,,,0,7,,0.13883657810884023,Low
ORD100398,2024-04-08,2024-04-17,P1154,Beauty,Supplier C,844.17,2,West,Hyderabad,Organic,No,,,0,9,,0.26393612422617835,Low
ORD100399,2024-04-22,2024-04-26,P1129,Fashion,Supplier C,182.61,1,North,Bangalore,Ads,No,,,0,4,,0.2410423698928371,Low
ORD100400,2024-12-24,2024-12-27,P1016,Home,Supplier B,571.28,4,East,Kolkata,Ads,No,,,0,3,,0.13200634717053664,Low
ORD100401,2024-03-31,2024-04-04,P1103,Sports,Supplier B,23.52,4,South,Delhi,Ads,No,,,0,4,,0.17076097448879513,Low
ORD100402,2024-12-11,2024-12-20,P1160,Home,Supplier A,1229.83,1,North,Hyderabad,Organic,Yes,2024-12-29,Late Delivery,1,9,9.0,0.256156097932099,Low
ORD100403,2024-07-24,2024-07-28,P1136,Electronics,Supplier A,201.39,4,South,Mumbai,Ads,No,,,0,4,,0.17503747788651675,Low
ORD100404,2024-01-17,2024-01-22,P1042,Electronics,Supplier C,432.18,3,West,Mumbai,Social Media,No,,,0,5,,0.14344398100317957,Low
ORD100405,2024-09-30,2024-10-02,P1175,Fashion,Supplier C,37.46,3,South,Mumbai,Social Media,Yes,2024-10-07,Late Delivery,1,2,5.0,0.17696576267471237,Low
ORD100406,2024-06-21,2024-06-25,P1038,Sports,Supplier B,654.04,4,South,Hyderabad,Email,Yes,2024-06-27,Late Delivery,1,4,2.0,0.17755325399942276,Low
ORD100407,2024-04-25,2024-05-03,P1169,Sports,Supplier B,1261.78,3,East,Hyderabad,Social Media,No,,,0,8,,0.1993644161940092,Low
ORD100408,2024-12-14,2024-12-20,P1025,Home,Supplier A,594.31,3,North,Mumbai,Email,No,,,0,6,,0.13140290418770295,Low
ORD100409,2024-06-29,2024-07-07,P1098,Fashion,Supplier A,277.45,4,South,Hyderabad,Organic,No,,,0,8,,0.2792388848754227,Low
ORD100410,2024-03-31,2024-04-06,P1049,Sports,Supplier D,1133.01,2,South,Delhi,Ads,No,,,0,6,,0.2682949770179453,Low
ORD100411,2024-03-22,2024-03-29,P1152,Electronics,Supplier A,1185.32,1,West,Delhi,Social Media,No,,,0,7,,0.19855824573639674,Low
ORD100412,2024-11-19,2024-11-24,P1151,Home,Supplier B,268.89,3,West,Bangalore,Email,No,,,0,5,,0.09762109564566294,Low
ORD100413,2024-04-23,2024-04-25,P1012,Beauty,Supplier C,1158.57,2,South,Kolkata,Organic,Yes,2024-05-02,Size Issue,1,2,7.0,0.319073785208008,Low
ORD100414,2024-09-13,2024-09-21,P1059,Electronics,Supplier D,1421.47,3,North,Delhi,Email,No,,,0,8,,0.24333060653823388,Low
ORD100415,2024-02-27,2024-02-29,P1134,Fashion,Supplier A,257.9,3,South,Bangalore,Ads,No,,,0,2,,0.23688352616628558,Low
ORD100416,2024-06-02,2024-06-10,P1056,Sports,Supplier A,1158.77,1,South,Chennai,Social Media,No,,,0,8,,0.22400777431992297,Low
ORD100417,2024-12-30,2025-01-06,P1035,Electronics,Supplier B,1065.77,3,East,Kolkata,Organic,No,,,0,7,,0.25147013028290366,Low
ORD100418,2024-04-25,2024-05-01,P1172,Beauty,Supplier D,715.63,1,North,Delhi,Email,No,,,0,6,,0.19490738492511422,Low
ORD100419,2024-12-08,2024-12-11,P1019,Beauty,Supplier A,96.3,1,East,Chennai,Organic,Yes,2024-12-19,Wrong Item,1,3,8.0,0.18067125159519107,Low
ORD100420,2024-09-22,2024-09-27,P1064,Fashion,Supplier C,121.29,1,North,Bangalore,Email,No,,,0,5,,0.1885421271903917,Low
ORD100421,2024-11-10,2024-11-18,P1007,Electronics,Supplier B,1280.1,2,North,Delhi,Email,No,,,0,8,,0.23005155231963187,Low
ORD100422,2024-07-21,2024-07-29,P1143,Home,Supplier D,1485.32,4,North,Delhi,Ads,No,,,0,8,,0.241472988559839,Low
ORD100423,2024-02-10,2024-02-17,P1141,Electronics,Supplier A,1017.32,2,East,Hyderabad,Ads,Yes,2024-02-29,No Longer Needed,1,7,12.0,0.20958688639943038,Low
ORD100424,2024-04-14,2024-04-19,P1114,Beauty,Supplier A,674.48,4,East,Chennai,Email,No,,,0,5,,0.15404399497074583,Low
ORD100425,2024-07-11,2024-07-17,P1142,Fashion,Supplier D,974.88,4,East,Delhi,Social Media,No,,,0,6,,0.2225367357561333,Low
ORD100426,2024-10-04,2024-10-10,P1091,Fashion,Supplier B,895.65,1,West,Mumbai,Organic,Yes,2024-10-17,Late Delivery,1,6,7.0,0.3250080480595407,Low
ORD100427,2024-12-19,2024-12-27,P1097,Home,Supplier D,581.58,3,East,Hyderabad,Organic,No,,,0,8,,0.158885688343867,Low
ORD100428,2024-08-24,2024-08-27,P1065,Fashion,Supplier D,107.78,1,West,Hyderabad,Ads,No,,,0,3,,0.2055448984809973,Low
ORD100429,2024-08-08,2024-08-11,P1031,Fashion,Supplier B,1234.05,3,West,Delhi,Social Media,No,,,0,3,,0.2652456599781771,Low
ORD100430,2024-03-08,2024-03-10,P1190,Fashion,Supplier A,564.03,4,West,Hyderabad,Email,No,,,0,2,,0.1985495035026302,Low
ORD100431,2024-07-15,2024-07-20,P1085,Fashion,Supplier C,1229.99,1,South,Kolkata,Ads,No,,,0,5,,0.33976555954793886,Low
ORD100432,2024-09-12,2024-09-17,P1050,Fashion,Supplier B,386.24,3,South,Chennai,Email,No,,,0,5,,0.20040684335188888,Low
ORD100433,2024-05-18,2024-05-24,P1152,Beauty,Supplier C,11.53,2,South,Kolkata,Email,No,,,0,6,,0.1362728890415608,Low
ORD100434,2024-11-07,2024-11-09,P1185,Electronics,Supplier A,246.82,3,West,Bangalore,Ads,No,,,0,2,,0.16372100804997738,Low
ORD100435,2024-05-28,2024-06-04,P1062,Sports,Supplier D,708.12,1,West,Kolkata,Social Media,No,,,0,7,,0.17066915933607876,Low
ORD100436,2024-04-08,2024-04-13,P1189,Fashion,Supplier C,1417.01,2,North,Mumbai,Organic,Yes,2024-04-27,Late Delivery,1,5,14.0,0.42711565019525355,Medium
ORD100437,2024-03-16,2024-03-18,P1124,Sports,Supplier A,162.27,3,West,Hyderabad,Ads,Yes,2024-03-25,Not as Described,1,2,7.0,0.16628667566983898,Low
ORD100438,2024-10-08,2024-10-10,P1149,Sports,Supplier A,1282.77,3,South,Hyderabad,Social Media,No,,,0,2,,0.23541564932268988,Low
ORD100439,2024-04-18,2024-04-26,P1057,Beauty,Supplier D,795.27,3,West,Mumbai,Email,No,,,0,8,,0.1760815077566711,Low
ORD100440,2024-07-06,2024-07-12,P1057,Fashion,Supplier D,1240.62,3,West,Hyderabad,Ads,Yes,2024-07-24,Wrong Item,1,6,12.0,0.31801777037381096,Low
ORD100441,2024-07-17,2024-07-19,P1085,Sports,Supplier A,454.58,3,North,Kolkata,Organic,No,,,0,2,,0.25300887747514,Low
ORD100442,2024-10-29,2024-11-07,P1048,Fashion,Supplier A,1261.52,2,West,Bangalore,Organic,No,,,0,9,,0.36804980018350175,Low
ORD100443,2024-11-22,2024-11-25,P1179,Home,Supplier C,1161.51,4,East,Delhi,Email,No,,,0,3,,0.13504664551144088,Low
ORD100444,2024-06-02,2024-06-11,P1169,Home,Supplier A,352.78,2,North,Mumbai,Ads,No,,,0,9,,0.15013272846857853,Low
ORD100445,2024-02-09,2024-02-12,P1069,Home,Supplier A,205.69,2,West,Kolkata,Organic,No,,,0,3,,0.14620018707298002,Low
ORD100446,2024-05-12,2024-05-16,P1014,Sports,Supplier C,1303.4,2,West,Kolkata,Ads,No,,,0,4,,0.2652671039604288,Low
ORD100447,2024-05-11,2024-05-17,P1053,Home,Supplier B,1445.22,4,North,Kolkata,Organic,No,,,0,6,,0.27807351214532583,Low
ORD100448,2024-10-05,2024-10-13,P1187,Beauty,Supplier C,56.64,1,West,Delhi,Email,No,,,0,8,,0.1270581052622719,Low
ORD100449,2024-12-27,2025-01-03,P1100,Beauty,Supplier C,1099.59,4,South,Chennai,Email,No,,,0,7,,0.2174160899502934,Low
ORD100450,2024-03-24,2024-04-02,P1007,Sports,Supplier D,1365.19,2,East,Hyderabad,Ads,No,,,0,9,,0.2527630901377095,Low
ORD100451,2024-08-29,2024-09-07,P1052,Fashion,Supplier C,1287.47,3,East,Hyderabad,Social Media,No,,,0,9,,0.25192115790394143,Low
ORD100452,2024-04-25,2024-04-29,P1059,Electronics,Supplier A,1447.14,3,South,Bangalore,Social Media,No,,,0,4,,0.23955985926432988,Low
ORD100453,2024-04-18,2024-04-21,P1107,Fashion,Supplier A,1142.54,2,West,Chennai,Email,No,,,0,3,,0.25076246585152223,Low
ORD100454,2024-08-08,2024-08-16,P1004,Fashion,Supplier A,669.03,3,West,Hyderabad,Organic,Yes,2024-08-30,Damaged,1,8,14.0,0.2997062647335811,Low
ORD100455,2024-02-10,2024-02-14,P1102,Fashion,Supplier B,474.81,2,East,Bangalore,Social Media,No,,,0,4,,0.18079228171795808,Low
ORD100456,2024-05-26,2024-06-01,P1195,Fashion,Supplier A,487.91,3,West,Bangalore,Email,Yes,2024-06-06,Wrong Item,1,6,5.0,0.19232572774660203,Low
ORD100457,2024-04-21,2024-04-29,P1005,Electronics,Supplier B,1089.39,4,East,Kolkata,Organic,No,,,0,8,,0.253789206193725,Low
ORD100458,2024-04-12,2024-04-18,P1108,Home,Supplier A,1121.3,1,East,Mumbai,Organic,No,,,0,6,,0.2000664347371172,Low
ORD100459,2024-02-15,2024-02-17,P1115,Fashion,Supplier C,308.54,1,South,Kolkata,Social Media,No,,,0,2,,0.198439623339389,Low
ORD100460,2024-11-19,2024-11-24,P1093,Beauty,Supplier D,1303.5,4,East,Delhi,Email,No,,,0,5,,0.20163153960797153,Low
ORD100461,2024-09-27,2024-09-29,P1046,Sports,Supplier A,1075.24,4,West,Hyderabad,Organic,Yes,2024-10-01,Wrong Item,1,2,2.0,0.28374077098141753,Low
ORD100462,2024-07-13,2024-07-19,P1098,Sports,Supplier B,848.5,2,West,Bangalore,Organic,No,,,0,6,,0.2604001749158025,Low
ORD100463,2024-10-06,2024-10-15,P1054,Beauty,Supplier B,712.58,2,North,Mumbai,Ads,No,,,0,9,,0.24243632112764033,Low
ORD100464,2024-10-09,2024-10-17,P1167,Fashion,Supplier D,819.42,2,West,Hyderabad,Ads,No,,,0,8,,0.27250952405641926,Low
ORD100465,2024-02-09,2024-02-12,P1051,Electronics,Supplier A,247.28,3,North,Bangalore,Social Media,No,,,0,3,,0.152255365535887,Low
ORD100466,2024-07-07,2024-07-14,P1143,Home,Supplier C,313.51,2,East,Bangalore,Ads,No,,,0,7,,0.11739027134347231,Low
ORD100467,2024-06-12,2024-06-15,P1012,Sports,Supplier A,145.84,4,West,Kolkata,Email,Yes,2024-06-21,No Longer Needed,1,3,6.0,0.12995343051744002,Low
ORD100468,2024-01-24,2024-02-01,P1113,Home,Supplier A,238.95,1,South,Mumbai,Social Media,No,,,0,8,,0.10838528257303884,Low
ORD100469,2024-01-24,2024-01-26,P1123,Electronics,Supplier D,686.0,3,South,Mumbai,Social Media,No,,,0,2,,0.17495638507567698,Low
ORD100470,2024-01-04,2024-01-11,P1105,Sports,Supplier A,800.23,2,South,Hyderabad,Ads,No,,,0,7,,0.23571063143684257,Low
ORD100471,2024-11-18,2024-11-26,P1157,Home,Supplier C,36.61,3,East,Bangalore,Organic,No,,,0,8,,0.12456033306552515,Low
ORD100472,2024-10-16,2024-10-22,P1146,Electronics,Supplier B,1197.23,3,East,Mumbai,Email,Yes,2024-10-26,Wrong Item,1,6,4.0,0.18027114850981193,Low
ORD100473,2024-06-29,2024-07-08,P1144,Home,Supplier D,448.31,2,North,Mumbai,Email,No,,,0,9,,0.12297724534341403,Low
ORD100474,2024-09-04,2024-09-07,P1119,Fashion,Supplier C,1368.64,3,South,Hyderabad,Email,No,,,0,3,,0.29465347775750345,Low
ORD100475,2024-04-25,2024-05-01,P1062,Electronics,Supplier B,1451.59,1,North,Kolkata,Social Media,No,,,0,6,,0.251475366501191,Low
ORD100476,2024-10-05,2024-10-12,P1018,Home,Supplier D,286.33,4,North,Chennai,Email,No,,,0,7,,0.11417714054541661,Low
ORD100477,2024-12-30,2025-01-06,P1091,Fashion,Supplier D,698.52,4,West,Delhi,Organic,No,,,0,7,,0.30293472574859187,Low
ORD100478,2024-03-09,2024-03-12,P1057,Fashion,Supplier B,11.84,1,West,Chennai,Organic,No,,,0,3,,0.23317904957723126,Low
ORD100479,2024-12-16,2024-12-22,P1182,Electronics,Supplier B,901.51,3,South,Mumbai,Ads,No,,,0,6,,0.23392781736714607,Low
ORD100480,2024-09-10,2024-09-14,P1089,Beauty,Supplier C,914.89,2,East,Bangalore,Email,No,,,0,4,,0.1710488677974538,Low
ORD100481,2024-06-29,2024-07-05,P1116,Sports,Supplier A,378.83,3,West,Delhi,Social Media,No,,,0,6,,0.1477789337699751,Low
ORD100482,2024-11-13,2024-11-20,P1061,Electronics,Supplier A,842.03,1,East,Delhi,Ads,No,,,0,7,,0.1948856929422461,Low
ORD100483,2024-06-17,2024-06-23,P1022,Fashion,Supplier A,346.05,3,North,Bangalore,Organic,No,,,0,6,,0.2993183226655844,Low
ORD100484,2024-11-08,2024-11-17,P1126,Fashion,Supplier A,249.63,4,North,Delhi,Email,No,,,0,9,,0.19896558038056184,Low
ORD100485,2024-09-05,2024-09-13,P1136,Electronics,Supplier A,980.76,3,North,Bangalore,Organic,Yes,2024-09-23,No Longer Needed,1,8,10.0,0.29492233620865,Low
ORD100486,2024-07-06,2024-07-08,P1139,Beauty,Supplier C,495.63,1,North,Delhi,Ads,No,,,0,2,,0.2223219397401038,Low
ORD100487,2024-02-23,2024-03-03,P1128,Sports,Supplier D,889.49,4,South,Hyderabad,Organic,Yes,2024-03-05,Late Delivery,1,9,2.0,0.28526582615140705,Low
ORD100488,2024-11-21,2024-11-25,P1057,Home,Supplier C,655.54,3,North,Hyderabad,Email,No,,,0,4,,0.13507991483170229,Low
ORD100489,2024-12-22,2024-12-27,P1121,Electronics,Supplier C,1476.68,3,West,Chennai,Email,No,,,0,5,,0.21893197578725593,Low
ORD100490,2024-11-08,2024-11-16,P1000,Sports,Supplier C,232.88,4,North,Delhi,Ads,No,,,0,8,,0.19633627298055345,Low
ORD100491,2024-05-17,2024-05-19,P1033,Sports,Supplier D,702.25,2,East,Kolkata,Email,No,,,0,2,,0.15325195903423014,Low
ORD100492,2024-06-16,2024-06-21,P1095,Fashion,Supplier C,1023.88,4,West,Bangalore,Organic,No,,,0,5,,0.3398037061086899,Low
ORD100493,2024-04-12,2024-04-15,P1125,Home,Supplier C,599.36,2,East,Delhi,Organic,No,,,0,3,,0.16012521987225822,Low
ORD100494,2024-03-25,2024-03-30,P1117,Electronics,Supplier D,1462.3,1,East,Hyderabad,Social Media,No,,,0,5,,0.2061014268573855,Low
ORD100495,2024-11-12,2024-11-20,P1047,Fashion,Supplier C,1085.61,1,South,Hyderabad,Social Media,Yes,2024-12-02,Late Delivery,1,8,12.0,0.2705199670082812,Low
ORD100496,2024-07-30,2024-08-05,P1088,Fashion,Supplier A,988.91,4,South,Bangalore,Social Media,No,,,0,6,,0.26071190687113394,Low
ORD100497,2024-01-03,2024-01-11,P1116,Beauty,Supplier B,1138.02,4,East,Kolkata,Organic,Yes,2024-01-20,Size Issue,1,8,9.0,0.27486164873986935,Low
ORD100498,2024-06-27,2024-07-06,P1128,Sports,Supplier C,1429.45,1,East,Delhi,Organic,No,,,0,9,,0.3017290636204022,Low
ORD100499,2024-12-07,2024-12-12,P1015,Electronics,Supplier B,1362.65,2,North,Delhi,Ads,No,,,0,5,,0.2922580499076529,Low
ORD100500,2024-10-29,2024-11-05,P1188,Electronics,Supplier C,1089.19,1,West,Kolkata,Social Media,No,,,0,7,,0.1907230203909775,Low
ORD100501,2024-11-27,2024-11-29,P1191,Electronics,Supplier C,1126.25,4,North,Kolkata,Organic,No,,,0,2,,0.3108949433692792,Low
ORD100502,2024-02-07,2024-02-09,P1190,Fashion,Supplier A,227.42,1,South,Kolkata,Ads,No,,,0,2,,0.23403026579907849,Low
ORD100503,2024-08-26,2024-08-31,P1068,Beauty,Supplier D,163.16,4,South,Hyderabad,Organic,No,,,0,5,,0.2182896663668027,Low
ORD100504,2024-06-17,2024-06-19,P1021,Home,Supplier B,860.65,4,North,Bangalore,Ads,Yes,2024-06-26,No Longer Needed,1,2,7.0,0.1870247689712222,Low
ORD100505,2024-12-08,2024-12-15,P1092,Fashion,Supplier D,37.37,1,West,Kolkata,Social Media,No,,,0,7,,0.1623054748506171,Low
ORD100506,2024-11-09,2024-11-17,P1194,Home,Supplier A,728.71,2,East,Bangalore,Social Media,No,,,0,8,,0.11364528867914837,Low
ORD100507,2024-11-01,2024-11-03,P1075,Beauty,Supplier A,323.42,3,North,Chennai,Social Media,No,,,0,2,,0.1687790561593861,Low
ORD100508,2024-01-30,2024-02-04,P1153,Sports,Supplier B,525.56,1,South,Delhi,Organic,No,,,0,5,,0.24829267292357823,Low
ORD100509,2024-07-08,2024-07-12,P1143,Electronics,Supplier D,1165.95,3,West,Delhi,Organic,No,,,0,4,,0.2806176496058376,Low
ORD100510,2024-12-22,2024-12-26,P1178,Home,Supplier A,1412.44,1,South,Mumbai,Ads,No,,,0,4,,0.2236466293271373,Low
ORD100511,2024-01-25,2024-01-28,P1085,Fashion,Supplier C,117.9,3,West,Chennai,Email,No,,,0,3,,0.16418962281977834,Low
ORD100512,2024-04-21,2024-04-30,P1184,Home,Supplier C,806.02,2,West,Kolkata,Email,No,,,0,9,,0.12514070141394668,Low
ORD100513,2024-07-24,2024-07-26,P1028,Sports,Supplier C,1324.97,2,West,Kolkata,Social Media,Yes,2024-08-01,No Longer Needed,1,2,6.0,0.22095324264152374,Low
ORD100514,2024-07-03,2024-07-12,P1068,Electronics,Supplier D,132.94,1,North,Hyderabad,Email,No,,,0,9,,0.14129659204002717,Low
ORD100515,2024-02-16,2024-02-24,P1046,Home,Supplier C,1238.53,4,North,Chennai,Social Media,No,,,0,8,,0.17864972097738852,Low
ORD100516,2024-08-15,2024-08-20,P1093,Sports,Supplier C,543.12,3,North,Kolkata,Ads,No,,,0,5,,0.22304270978200172,Low
ORD100517,2024-02-08,2024-02-10,P1189,Fashion,Supplier A,489.92,4,West,Mumbai,Email,No,,,0,2,,0.19248814290967772,Low
ORD100518,2024-01-16,2024-01-22,P1196,Beauty,Supplier A,1466.42,4,West,Bangalore,Email,No,,,0,6,,0.2325236997027388,Low
ORD100519,2024-01-22,2024-01-29,P1143,Fashion,Supplier C,309.28,4,South,Delhi,Social Media,No,,,0,7,,0.19850083920326894,Low
ORD100520,2024-07-31,2024-08-02,P1175,Electronics,Supplier C,1042.86,2,East,Chennai,Ads,No,,,0,2,,0.21179554347737242,Low
ORD100521,2024-11-05,2024-11-07,P1084,Fashion,Supplier A,1233.95,1,North,Delhi,Email,No,,,0,2,,0.2929893850734737,Low
ORD100522,2024-05-28,2024-06-06,P1038,Fashion,Supplier B,71.36,1,West,Bangalore,Email,No,,,0,9,,0.16089534104414766,Low
ORD100523,2024-08-28,2024-09-06,P1099,Fashion,Supplier D,1008.87,2,South,Chennai,Email,No,,,0,9,,0.2573141229334485,Low
ORD100524,2024-09-28,2024-10-02,P1032,Fashion,Supplier D,1427.81,2,South,Bangalore,Ads,Yes,2024-10-14,Damaged,1,4,12.0,0.3632075265407784,Low
ORD100525,2024-02-28,2024-03-06,P1100,Electronics,Supplier A,195.09,1,South,Kolkata,Ads,Yes,2024-03-11,Not as Described,1,7,5.0,0.1745649139757536,Low
ORD100526,2024-10-13,2024-10-18,P1022,Sports,Supplier D,1345.37,4,North,Kolkata,Email,No,,,0,5,,0.24759337458312236,Low
ORD100527,2024-07-20,2024-07-22,P1009,Home,Supplier A,896.22,3,North,Kolkata,Social Media,Yes,2024-07-25,Wrong Item,1,2,3.0,0.15400484912426785,Low
ORD100528,2024-02-01,2024-02-05,P1068,Beauty,Supplier A,928.74,3,East,Bangalore,Social Media,Yes,2024-02-17,Damaged,1,4,12.0,0.17611028336090345,Low
ORD100529,2024-06-10,2024-06-19,P1099,Home,Supplier A,923.29,3,South,Bangalore,Email,No,,,0,9,,0.14435784096197554,Low
ORD100530,2024-09-11,2024-09-14,P1033,Home,Supplier A,455.27,4,North,Bangalore,Ads,No,,,0,3,,0.15706052437987827,Low
ORD100531,2024-09-10,2024-09-17,P1179,Beauty,Supplier B,1403.45,1,South,Delhi,Email,No,,,0,7,,0.2454967431701445,Low
ORD100532,2024-01-09,2024-01-13,P1137,Electronics,Supplier C,1421.55,2,West,Bangalore,Ads,No,,,0,4,,0.26504311356157423,Low
ORD100533,2024-05-18,2024-05-22,P1146,Beauty,Supplier C,941.7,1,South,Kolkata,Email,Yes,2024-06-01,No Longer Needed,1,4,10.0,0.20377042005247278,Low
ORD100534,2024-01-10,2024-01-18,P1185,Electronics,Supplier B,1177.3,4,East,Mumbai,Ads,No,,,0,8,,0.22370140381414846,Low
ORD100535,2024-08-01,2024-08-05,P1095,Home,Supplier D,922.26,2,North,Bangalore,Organic,No,,,0,4,,0.22688479382435323,Low
ORD100536,2024-09-29,2024-10-07,P1000,Electronics,Supplier D,731.75,4,West,Mumbai,Social Media,No,,,0,8,,0.16366689433126436,Low
ORD100537,2024-11-19,2024-11-21,P1068,Sports,Supplier C,994.62,3,North,Kolkata,Organic,Yes,2024-12-01,Damaged,1,2,10.0,0.3096408391882516,Low
ORD100538,2024-02-17,2024-02-19,P1003,Beauty,Supplier D,833.97,3,West,Bangalore,Social Media,No,,,0,2,,0.1831849260132902,Low
ORD100539,2024-04-20,2024-04-29,P1015,Sports,Supplier C,900.24,4,South,Delhi,Ads,No,,,0,9,,0.2452081278013929,Low
ORD100540,2024-06-01,2024-06-04,P1023,Home,Supplier C,1177.91,2,South,Delhi,Organic,No,,,0,3,,0.23956526947940762,Low
ORD100541,2024-05-02,2024-05-08,P1079,Beauty,Supplier B,726.55,2,East,Mumbai,Social Media,Yes,2024-05-12,Size Issue,1,6,4.0,0.16137017691860991,Low
ORD100542,2024-12-22,2024-12-28,P1001,Home,Supplier D,70.72,1,East,Hyderabad,Email,No,,,0,6,,0.0813395446475769,Low
ORD100543,2024-04-11,2024-04-17,P1127,Sports,Supplier B,254.36,3,West,Delhi,Ads,No,,,0,6,,0.17303220555788354,Low
ORD100544,2024-08-28,2024-09-06,P1159,Home,Supplier C,663.52,1,East,Delhi,Ads,No,,,0,9,,0.137600025220015,Low
ORD100545,2024-11-16,2024-11-24,P1083,Beauty,Supplier C,1089.99,1,East,Delhi,Email,No,,,0,8,,0.1843488294930291,Low
ORD100546,2024-07-09,2024-07-18,P1151,Beauty,Supplier C,893.99,4,East,Kolkata,Email,No,,,0,9,,0.1695133371411893,Low
ORD100547,2024-08-04,2024-08-11,P1139,Home,Supplier A,978.94,4,East,Delhi,Social Media,No,,,0,7,,0.12742603277677608,Low
ORD100548,2024-02-20,2024-02-27,P1177,Beauty,Supplier A,724.13,1,South,Chennai,Ads,Yes,2024-03-01,Not as Described,1,7,3.0,0.23229752817238014,Low
ORD100549,2024-10-18,2024-10-21,P1162,Beauty,Supplier A,927.46,3,East,Bangalore,Social Media,No,,,0,3,,0.17601372555992764,Low
ORD100550,2024-03-21,2024-03-28,P1123,Home,Supplier B,500.24,4,South,Delhi,Email,Yes,2024-04-09,No Longer Needed,1,7,12.0,0.11925017069509639,Low
ORD100551,2024-03-28,2024-04-03,P1032,Sports,Supplier C,710.57,1,South,Hyderabad,Ads,No,,,0,6,,0.22741486723384666,Low
ORD100552,2024-07-12,2024-07-18,P1160,Beauty,Supplier D,1118.98,1,North,Hyderabad,Email,No,,,0,6,,0.22993396430471935,Low
ORD100553,2024-04-13,2024-04-22,P1188,Beauty,Supplier B,1309.03,1,South,Delhi,Social Media,No,,,0,9,,0.24162473879170018,Low
ORD100554,2024-09-27,2024-10-01,P1178,Beauty,Supplier B,656.15,1,South,Delhi,Social Media,Yes,2024-10-12,No Longer Needed,1,4,11.0,0.18492935061716406,Low
ORD100555,2024-04-05,2024-04-12,P1170,Beauty,Supplier B,75.06,1,East,Chennai,Social Media,No,,,0,7,,0.12059008433910542,Low
ORD100556,2024-07-16,2024-07-25,P1100,Home,Supplier D,250.89,1,South,Delhi,Ads,No,,,0,9,,0.13604137056233828,Low
ORD100557,2024-01-01,2024-01-03,P1011,Sports,Supplier C,41.08,4,West,Delhi,Email,No,,,0,2,,0.12391714411841,Low
ORD100558,2024-06-15,2024-06-17,P1066,Sports,Supplier A,983.36,3,East,Bangalore,Email,Yes,2024-06-25,Wrong Item,1,2,8.0,0.17319683336050312,Low
ORD100559,2024-05-05,2024-05-09,P1064,Electronics,Supplier C,505.15,1,East,Hyderabad,Social Media,Yes,2024-05-12,Not as Described,1,4,3.0,0.13630540693202678,Low
ORD100560,2024-11-08,2024-11-12,P1160,Beauty,Supplier C,818.29,2,East,Chennai,Social Media,No,,,0,4,,0.16793101108245037,Low
ORD100561,2024-03-21,2024-03-25,P1167,Beauty,Supplier B,744.98,4,North,Hyderabad,Social Media,No,,,0,4,,0.20179922017302457,Low
ORD100562,2024-09-07,2024-09-16,P1073,Electronics,Supplier B,131.47,4,East,Chennai,Social Media,No,,,0,9,,0.1150014740325846,Low
ORD100563,2024-06-17,2024-06-19,P1042,Sports,Supplier B,610.86,1,South,Hyderabad,Organic,Yes,2024-06-26,Size Issue,1,2,7.0,0.25666378497616793,Low
ORD100564,2024-03-13,2024-03-19,P1043,Fashion,Supplier A,338.64,4,West,Delhi,Organic,No,,,0,6,,0.26492898861334796,Low
ORD100565,2024-05-20,2024-05-24,P1028,Fashion,Supplier A,633.42,1,East,Hyderabad,Organic,No,,,0,4,,0.27597683064164036,Low
ORD100566,2024-03-10,2024-03-13,P1140,Sports,Supplier A,313.33,3,East,Hyderabad,Social Media,No,,,0,3,,0.1319895182097291,Low
ORD100567,2024-09-18,2024-09-26,P1011,Beauty,Supplier C,1262.27,3,West,Chennai,Social Media,No,,,0,8,,0.21888200404676958,Low
ORD100568,2024-12-05,2024-12-14,P1094,Fashion,Supplier B,269.55,4,East,Mumbai,Email,Yes,2024-12-21,Late Delivery,1,9,7.0,0.1616759167856494,Low
ORD100569,2024-11-03,2024-11-07,P1045,Home,Supplier D,1441.56,4,North,Chennai,Ads,Yes,2024-11-14,Damaged,1,4,7.0,0.23732948185552907,Low
ORD100570,2024-09-01,2024-09-09,P1129,Home,Supplier C,629.7,2,South,Chennai,Email,Yes,2024-09-22,Wrong Item,1,8,13.0,0.1265041008729045,Low
ORD100571,2024-01-03,2024-01-08,P1034,Electronics,Supplier A,1270.91,4,West,Chennai,Organic,No,,,0,5,,0.29176671291458217,Low
ORD100572,2024-12-02,2024-12-06,P1080,Sports,Supplier D,946.86,2,West,Kolkata,Email,Yes,2024-12-13,No Longer Needed,1,4,7.0,0.18469945779418281,Low
ORD100573,2024-03-03,2024-03-05,P1089,Sports,Supplier D,1105.67,3,North,Kolkata,Social Media,Yes,2024-03-19,Late Delivery,1,2,14.0,0.2300456078490321,Low
ORD100574,2024-02-18,2024-02-25,P1007,Fashion,Supplier B,1153.91,3,South,Kolkata,Organic,No,,,0,7,,0.37931273146240774,Low
ORD100575,2024-03-16,2024-03-20,P1092,Beauty,Supplier D,762.22,1,North,Chennai,Organic,No,,,0,4,,0.28861518826167804,Low
ORD100576,2024-06-23,2024-07-02,P1153,Sports,Supplier A,819.52,3,South,Mumbai,Ads,No,,,0,9,,0.2375225375676073,Low
ORD100577,2024-04-18,2024-04-25,P1089,Fashion,Supplier B,775.85,2,North,Chennai,Ads,No,,,0,7,,0.30185531364668877,Low
ORD100578,2024-07-01,2024-07-06,P1161,Fashion,Supplier D,886.21,4,East,Delhi,Organic,No,,,0,5,,0.3030002388345737,Low
ORD100579,2024-07-10,2024-07-13,P1114,Sports,Supplier B,53.8,1,North,Mumbai,Organic,Yes,2024-07-15,Size Issue,1,3,2.0,0.21567666469956742,Low
ORD100580,2024-03-05,2024-03-12,P1104,Fashion,Supplier D,599.32,2,West,Kolkata,Email,No,,,0,7,,0.20148587733888965,Low
ORD100581,2024-12-02,2024-12-10,P1134,Electronics,Supplier C,913.22,4,West,Hyderabad,Organic,No,,,0,8,,0.2548664588249628,Low
ORD100582,2024-09-27,2024-10-03,P1195,Electronics,Supplier C,900.61,1,West,Hyderabad,Social Media,No,,,0,6,,0.17604391581339213,Low
ORD100583,2024-04-09,2024-04-13,P1057,Sports,Supplier A,1191.5,3,North,Bangalore,Email,Yes,2024-04-23,Not as Described,1,4,10.0,0.232990040154225,Low
ORD100584,2024-02-01,2024-02-06,P1113,Beauty,Supplier C,985.96,2,West,Mumbai,Social Media,No,,,0,5,,0.19530840379034142,Low
ORD100585,2024-12-17,2024-12-22,P1074,Electronics,Supplier C,1488.28,4,West,Kolkata,Social Media,No,,,0,5,,0.22482167391362567,Low
ORD100586,2024-05-07,2024-05-14,P1156,Electronics,Supplier C,432.94,1,East,Mumbai,Social Media,No,,,0,7,,0.13194480390239247,Low
ORD100587,2024-12-04,2024-12-07,P1119,Sports,Supplier D,545.14,1,East,Mumbai,Organic,No,,,0,3,,0.21434454149520815,Low
ORD100588,2024-02-12,2024-02-14,P1163,Home,Supplier D,581.93,3,South,Hyderabad,Ads,Yes,2024-02-17,Damaged,1,2,3.0,0.15757016247577482,Low
ORD100589,2024-03-18,2024-03-22,P1020,Fashion,Supplier B,704.06,4,South,Chennai,Ads,No,,,0,4,,0.28133858106649207,Low
ORD100590,2024-11-09,2024-11-14,P1163,Electronics,Supplier D,1255.64,3,South,Delhi,Social Media,No,,,0,5,,0.2218915324311515,Low
ORD100591,2024-10-15,2024-10-18,P1137,Home,Supplier C,361.33,3,North,Bangalore,Organic,No,,,0,3,,0.179803607093523,Low
ORD100592,2024-09-26,2024-10-02,P1100,Beauty,Supplier D,1166.24,4,South,Kolkata,Email,No,,,0,6,,0.2233709364918141,Low
ORD100593,2024-06-10,2024-06-15,P1151,Home,Supplier A,613.91,4,North,Mumbai,Social Media,No,,,0,5,,0.13583351812890995,Low
ORD100594,2024-07-07,2024-07-10,P1191,Sports,Supplier B,906.76,4,North,Bangalore,Email,Yes,2024-07-20,Wrong Item,1,3,10.0,0.20758018604372952,Low
ORD100595,2024-09-03,2024-09-12,P1176,Beauty,Supplier B,952.49,2,South,Mumbai,Email,No,,,0,9,,0.20468230373200177,Low
ORD100596,2024-08-03,2024-08-05,P1098,Beauty,Supplier D,565.54,4,South,Hyderabad,Organic,No,,,0,2,,0.25608506160392386,Low
ORD100597,2024-11-10,2024-11-12,P1035,Home,Supplier C,773.8,1,North,Delhi,Organic,No,,,0,2,,0.21362907623137622,Low
ORD100598,2024-12-04,2024-12-09,P1095,Sports,Supplier B,625.42,3,East,Hyderabad,Ads,Yes,2024-12-18,No Longer Needed,1,5,9.0,0.18715210197440224,Low
ORD100599,2024-06-16,2024-06-24,P1151,Electronics,Supplier A,113.01,2,West,Bangalore,Ads,No,,,0,8,,0.1544153937913745,Low
ORD100600,2024-12-04,2024-12-09,P1150,Home,Supplier A,661.38,4,West,Kolkata,Organic,No,,,0,5,,0.17832260605839773,Low
ORD100601,2024-07-11,2024-07-18,P1189,Electronics,Supplier B,155.12,2,West,Mumbai,Social Media,No,,,0,7,,0.12663430200456133,Low
ORD100602,2024-10-09,2024-10-13,P1036,Home,Supplier C,613.48,4,East,Delhi,Ads,No,,,0,4,,0.13454115397850208,Low
ORD100603,2024-12-01,2024-12-04,P1011,Electronics,Supplier C,893.45,2,North,Hyderabad,Email,Yes,2024-12-07,No Longer Needed,1,3,3.0,0.19637848424051166,Low
ORD100604,2024-01-13,2024-01-18,P1112,Home,Supplier D,873.33,3,South,Bangalore,Social Media,No,,,0,5,,0.14461784189215346,Low
ORD100605,2024-08-27,2024-08-31,P1182,Beauty,Supplier D,997.31,3,North,Hyderabad,Email,No,,,0,4,,0.2189228507865198,Low
ORD100606,2024-11-15,2024-11-22,P1012,Fashion,Supplier B,151.94,1,North,Mumbai,Organic,No,,,0,7,,0.27858597655689643,Low
ORD100607,2024-05-26,2024-06-04,P1022,Beauty,Supplier D,981.66,1,South,Mumbai,Email,No,,,0,9,,0.20716267158219467,Low
ORD100608,2024-07-22,2024-07-31,P1098,Electronics,Supplier D,475.1,4,East,Kolkata,Social Media,Yes,2024-08-02,Late Delivery,1,9,2.0,0.13447619098126937,Low
ORD100609,2024-03-20,2024-03-24,P1104,Sports,Supplier D,604.58,3,West,Delhi,Organic,No,,,0,4,,0.23672267245891174,Low
ORD100610,2024-02-12,2024-02-17,P1029,Beauty,Supplier A,1288.4,2,West,Chennai,Social Media,No,,,0,5,,0.2212140588260091,Low
ORD100611,2024-03-29,2024-03-31,P1016,Fashion,Supplier D,23.46,2,North,Hyderabad,Email,No,,,0,2,,0.18088185703995172,Low
ORD100612,2024-05-27,2024-05-30,P1112,Electronics,Supplier B,886.73,2,East,Mumbai,Social Media,No,,,0,3,,0.1613938831040869,Low
ORD100613,2024-04-04,2024-04-07,P1061,Beauty,Supplier C,902.08,1,West,Bangalore,Organic,No,,,0,3,,0.26982795753105177,Low
ORD100614,2024-05-30,2024-06-08,P1083,Home,Supplier D,601.02,2,East,Hyderabad,Email,No,,,0,9,,0.10446965500859691,Low
ORD100615,2024-01-02,2024-01-11,P1111,Sports,Supplier C,363.17,1,South,Kolkata,Email,Yes,2024-01-20,Late Delivery,1,9,9.0,0.15653082720067651,Low
ORD100616,2024-01-22,2024-01-24,P1085,Electronics,Supplier D,359.66,1,North,Kolkata,Ads,No,,,0,2,,0.19686353252788633,Low
ORD100617,2024-11-08,2024-11-16,P1140,Beauty,Supplier B,1326.73,4,North,Mumbai,Ads,No,,,0,8,,0.30576359582043383,Low
ORD100618,2024-11-23,2024-11-28,P1186,Electronics,Supplier A,668.62,2,East,Mumbai,Social Media,No,,,0,5,,0.14662583442128554,Low
ORD100619,2024-01-07,2024-01-16,P1018,Home,Supplier B,503.03,2,West,Mumbai,Ads,No,,,0,9,,0.13924992653461193,Low
ORD100620,2024-07-24,2024-08-02,P1176,Fashion,Supplier A,678.68,3,East,Chennai,Ads,No,,,0,9,,0.24004985913249338,Low
ORD100621,2024-04-23,2024-05-02,P1099,Beauty,Supplier D,1007.39,4,South,Mumbai,Ads,No,,,0,9,,0.2595933216412066,Low
ORD100622,2024-09-28,2024-10-01,P1139,Electronics,Supplier D,227.18,3,West,Hyderabad,Ads,No,,,0,3,,0.16232746130810266,Low
ORD100623,2024-03-23,2024-03-28,P1188,Electronics,Supplier A,679.66,4,West,Hyderabad,Organic,No,,,0,5,,0.2324945459087024,Low
ORD100624,2024-06-27,2024-07-04,P1146,Electronics,Supplier B,885.95,2,East,Delhi,Organic,Yes,2024-07-17,Damaged,1,7,13.0,0.23428059251937108,Low
ORD100625,2024-07-28,2024-08-02,P1075,Fashion,Supplier B,1423.39,1,South,Bangalore,Ads,Yes,2024-08-12,Not as Described,1,5,10.0,0.3626760849419612,Low
ORD100626,2024-11-23,2024-11-27,P1008,Electronics,Supplier A,386.27,1,West,Mumbai,Social Media,No,,,0,4,,0.1405355355089031,Low
ORD100627,2024-05-03,2024-05-05,P1198,Sports,Supplier D,545.28,1,North,Hyderabad,Organic,Yes,2024-05-14,Size Issue,1,2,9.0,0.2620263176337136,Low
ORD100628,2024-04-22,2024-04-30,P1027,Sports,Supplier A,575.24,1,South,Hyderabad,Ads,No,,,0,8,,0.21528800095372916,Low
ORD100629,2024-01-12,2024-01-21,P1127,Electronics,Supplier D,912.25,1,West,Hyderabad,Organic,No,,,0,9,,0.25477067723118635,Low
ORD100630,2024-05-05,2024-05-14,P1051,Sports,Supplier A,541.53,3,East,Chennai,Email,No,,,0,9,,0.1427179230407507,Low
ORD100631,2024-02-22,2024-02-27,P1082,Beauty,Supplier D,804.93,4,West,Bangalore,Organic,No,,,0,5,,0.25999101888118253,Low
ORD100632,2024-11-26,2024-12-04,P1110,Sports,Supplier A,1174.87,2,North,Kolkata,Organic,No,,,0,8,,0.3300263364437926,Low
ORD100633,2024-10-09,2024-10-18,P1143,Electronics,Supplier C,1061.02,3,South,Hyderabad,Social Media,Yes,2024-10-22,Not as Described,1,9,4.0,0.20491025376904282,Low
ORD100634,2024-05-19,2024-05-27,P1116,Home,Supplier D,675.09,4,West,Mumbai,Organic,No,,,0,8,,0.17936963269376408,Low
ORD100635,2024-04-06,2024-04-13,P1068,Beauty,Supplier B,1297.68,1,North,Hyderabad,Social Media,No,,,0,7,,0.2520565824874742,Low
ORD100636,2024-01-05,2024-01-11,P1098,Fashion,Supplier A,841.63,4,West,Bangalore,Email,Yes,2024-01-25,Not as Described,1,6,14.0,0.22252221484957563,Low
ORD100637,2024-02-26,2024-02-28,P1139,Electronics,Supplier B,814.46,4,West,Kolkata,Ads,No,,,0,2,,0.2082318922093496,Low
ORD100638,2024-11-29,2024-12-07,P1024,Fashion,Supplier A,60.94,1,South,Chennai,Social Media,No,,,0,8,,0.1787511539733517,Low
ORD100639,2024-03-09,2024-03-12,P1179,Home,Supplier B,1480.17,1,East,Delhi,Organic,No,,,0,3,,0.23160673730396686,Low
ORD100640,2024-04-27,2024-05-01,P1122,Fashion,Supplier B,193.23,1,East,Mumbai,Organic,No,,,0,4,,0.23264915076708043,Low
ORD100641,2024-02-28,2024-03-02,P1052,Electronics,Supplier A,354.39,2,North,Delhi,Social Media,No,,,0,3,,0.15958470479547598,Low
ORD100642,2024-02-02,2024-02-11,P1150,Electronics,Supplier A,87.03,1,North,Chennai,Email,No,,,0,9,,0.13842465029248613,Low
ORD100643,2024-11-13,2024-11-20,P1143,Home,Supplier B,963.6,2,North,Bangalore,Ads,Yes,2024-12-02,Not as Described,1,7,12.0,0.19530138785908158,Low
ORD100644,2024-02-19,2024-02-26,P1056,Electronics,Supplier B,344.8,1,South,Bangalore,Organic,No,,,0,7,,0.2202299897851916,Low
ORD100645,2024-01-19,2024-01-22,P1038,Home,Supplier B,278.22,2,East,Chennai,Email,No,,,0,3,,0.08977536384911002,Low
ORD100646,2024-08-01,2024-08-03,P1108,Home,Supplier D,141.95,4,North,Hyderabad,Ads,No,,,0,2,,0.13667380064743276,Low
ORD100647,2024-07-15,2024-07-18,P1180,Electronics,Supplier D,163.93,3,North,Chennai,Ads,Yes,2024-07-27,Damaged,1,3,9.0,0.181265545535824,Low
ORD100648,2024-02-16,2024-02-21,P1041,Sports,Supplier C,881.16,4,West,Mumbai,Organic,No,,,0,5,,0.2636843922145964,Low
ORD100649,2024-06-15,2024-06-24,P1185,Home,Supplier D,1035.43,4,West,Kolkata,Social Media,No,,,0,9,,0.14218689062231216,Low
ORD100650,2024-10-15,2024-10-24,P1166,Electronics,Supplier D,602.09,1,North,Delhi,Organic,No,,,0,9,,0.25568642980777156,Low
ORD100651,2024-05-20,2024-05-23,P1141,Sports,Supplier A,725.05,2,West,Delhi,Organic,No,,,0,3,,0.24822793912340987,Low
ORD100652,2024-03-24,2024-03-28,P1121,Home,Supplier C,1032.09,3,West,Bangalore,Organic,Yes,2024-03-31,Damaged,1,4,3.0,0.20833710734126035,Low
ORD100653,2024-06-30,2024-07-04,P1132,Sports,Supplier C,35.9,1,West,Hyderabad,Email,No,,,0,4,,0.12362500913363211,Low
ORD100654,2024-03-19,2024-03-28,P1162,Beauty,Supplier D,491.46,1,South,Bangalore,Social Media,No,,,0,9,,0.17236720308611617,Low
ORD100655,2024-08-02,2024-08-08,P1074,Beauty,Supplier A,1459.92,1,North,Mumbai,Email,Yes,2024-08-15,Size Issue,1,6,7.0,0.2628147810817001,Low
ORD100656,2024-01-14,2024-01-18,P1145,Sports,Supplier A,874.37,4,North,Chennai,Organic,Yes,2024-01-25,Not as Described,1,4,7.0,0.2964352825822752,Low
ORD100657,2024-08-02,2024-08-05,P1075,Home,Supplier C,388.79,2,West,Delhi,Social Media,No,,,0,3,,0.10588247388974237,Low
ORD100658,2024-05-07,2024-05-11,P1008,Electronics,Supplier A,787.38,2,South,Mumbai,Ads,Yes,2024-05-22,Damaged,1,4,11.0,0.2234604209256801,Low
ORD100659,2024-11-05,2024-11-14,P1073,Fashion,Supplier B,520.55,3,West,Bangalore,Social Media,No,,,0,9,,0.19942185973118065,Low
ORD100660,2024-09-04,2024-09-06,P1185,Electronics,Supplier D,803.05,2,South,Bangalore,Organic,No,,,0,2,,0.26385469163523845,Low
ORD100661,2024-01-29,2024-02-06,P1144,Fashion,Supplier B,197.35,2,North,Delhi,Social Media,Yes,2024-02-14,Size Issue,1,8,8.0,0.1991085717835611,Low
ORD100662,2024-10-06,2024-10-10,P1006,Fashion,Supplier C,207.74,1,West,Bangalore,Ads,Yes,2024-10-20,No Longer Needed,1,4,10.0,0.21416314613144968,Low
ORD100663,2024-12-03,2024-12-08,P1173,Home,Supplier C,223.88,1,North,Hyderabad,Ads,No,,,0,5,,0.14177919033678857,Low
ORD100664,2024-11-14,2024-11-16,P1140,Sports,Supplier A,1410.33,4,South,Bangalore,Social Media,No,,,0,2,,0.2475640835977751,Low
ORD100665,2024-07-20,2024-07-26,P1167,Electronics,Supplier A,1102.02,1,East,Kolkata,Ads,No,,,0,6,,0.2169767909369373,Low
ORD100666,2024-12-26,2024-12-31,P1169,Sports,Supplier C,251.95,1,South,Chennai,Email,No,,,0,5,,0.14904555040641287,Low
ORD100667,2024-02-26,2024-02-29,P1136,Beauty,Supplier C,290.64,1,East,Bangalore,Social Media,No,,,0,3,,0.13299319255549083,Low
ORD100668,2024-08-05,2024-08-13,P1177,Home,Supplier B,1098.94,1,North,Kolkata,Ads,Yes,2024-08-17,Size Issue,1,8,4.0,0.2065996941197943,Low
ORD100669,2024-03-02,2024-03-05,P1026,Home,Supplier B,242.68,4,North,Mumbai,Ads,Yes,2024-03-08,Not as Described,1,3,3.0,0.1429729220922072,Low
ORD100670,2024-06-05,2024-06-13,P1121,Beauty,Supplier A,359.5,1,West,Bangalore,Social Media,No,,,0,8,,0.14910362162314836,Low
ORD100671,2024-07-20,2024-07-28,P1193,Electronics,Supplier B,1445.39,3,East,Hyderabad,Email,No,,,0,8,,0.20013286022596408,Low
ORD100672,2024-01-17,2024-01-20,P1004,Beauty,Supplier A,390.41,3,South,Mumbai,Social Media,No,,,0,3,,0.16499946256397022,Low
ORD100673,2024-11-17,2024-11-22,P1028,Electronics,Supplier A,995.83,3,North,Bangalore,Ads,No,,,0,5,,0.2544164126379337,Low
ORD100674,2024-01-06,2024-01-11,P1164,Fashion,Supplier D,1468.16,3,East,Delhi,Social Media,No,,,0,5,,0.27003787976193494,Low
ORD100675,2024-02-27,2024-03-06,P1165,Home,Supplier A,567.7,1,South,Kolkata,Ads,No,,,0,8,,0.15659038195187971,Low
ORD100676,2024-11-20,2024-11-25,P1082,Electronics,Supplier B,36.1,3,East,Kolkata,Organic,No,,,0,5,,0.16434713617592475,Low
ORD100677,2024-11-13,2024-11-21,P1135,Sports,Supplier C,373.78,1,South,Delhi,Social Media,Yes,2024-11-24,Wrong Item,1,8,3.0,0.16101847192021962,Low
ORD100678,2024-06-17,2024-06-26,P1108,Sports,Supplier C,1248.01,4,South,Chennai,Social Media,Yes,2024-07-08,Not as Described,1,9,12.0,0.23217767146269527,Low
ORD100679,2024-03-22,2024-03-30,P1064,Home,Supplier B,1298.27,3,South,Hyderabad,Ads,No,,,0,8,,0.21350756622441885,Low
ORD100680,2024-08-06,2024-08-15,P1085,Beauty,Supplier C,1155.09,2,South,Kolkata,Ads,No,,,0,9,,0.27462606506425313,Low
ORD100681,2024-06-25,2024-06-27,P1144,Beauty,Supplier A,178.53,3,East,Mumbai,Ads,No,,,0,2,,0.15703178696486272,Low
ORD100682,2024-07-22,2024-07-29,P1070,Electronics,Supplier C,1195.31,3,East,Hyderabad,Ads,No,,,0,7,,0.22533201547232926,Low
ORD100683,2024-03-11,2024-03-13,P1044,Beauty,Supplier B,1378.83,1,West,Kolkata,Social Media,Yes,2024-03-18,Wrong Item,1,2,5.0,0.22942155579917103,Low
ORD100684,2024-09-22,2024-09-25,P1131,Home,Supplier C,904.91,3,East,Chennai,Ads,Yes,2024-10-06,Size Issue,1,3,11.0,0.15318430781794598,Low
ORD100685,2024-04-07,2024-04-14,P1035,Electronics,Supplier A,1411.9,2,East,Mumbai,Social Media,No,,,0,7,,0.20184606318964818,Low
ORD100686,2024-12-10,2024-12-14,P1069,Fashion,Supplier A,1241.99,1,West,Hyderabad,Email,No,,,0,4,,0.2606034890774094,Low
ORD100687,2024-10-17,2024-10-20,P1158,Beauty,Supplier B,1003.79,1,East,Mumbai,Social Media,No,,,0,3,,0.1818447179744288,Low
ORD100688,2024-07-26,2024-08-01,P1018,Beauty,Supplier B,870.01,4,South,Delhi,Ads,No,,,0,6,,0.24609973086113518,Low
ORD100689,2024-01-02,2024-01-04,P1188,Electronics,Supplier B,529.37,4,North,Bangalore,Ads,No,,,0,2,,0.21119090204180993,Low
ORD100690,2024-05-03,2024-05-08,P1107,Sports,Supplier D,247.34,3,North,Delhi,Email,No,,,0,5,,0.15676696094184428,Low
ORD100691,2024-10-06,2024-10-08,P1181,Beauty,Supplier D,911.38,4,West,Hyderabad,Social Media,Yes,2024-10-22,No Longer Needed,1,2,14.0,0.18928510613667401,Low
ORD100692,2024-03-14,2024-03-19,P1166,Home,Supplier A,483.99,4,East,Bangalore,Email,No,,,0,5,,0.0989115854956049,Low
ORD100693,2024-06-14,2024-06-21,P1090,Beauty,Supplier D,1300.99,4,East,Delhi,Social Media,No,,,0,7,,0.20597664571432023,Low
ORD100694,2024-01-22,2024-01-28,P1089,Fashion,Supplier D,1490.07,1,West,Bangalore,Ads,Yes,2024-01-29,No Longer Needed,1,6,1.0,0.34679024262385916,Low
ORD100695,2024-06-02,2024-06-09,P1018,Beauty,Supplier C,1131.12,1,North,Kolkata,Social Media,No,,,0,7,,0.23608083624128037,Low
ORD100696,2024-10-21,2024-10-27,P1038,Sports,Supplier D,144.82,1,South,Mumbai,Ads,No,,,0,6,,0.17987926999663784,Low
ORD100697,2024-08-06,2024-08-08,P1125,Beauty,Supplier C,440.14,4,East,Bangalore,Ads,No,,,0,2,,0.17589083588607,Low
ORD100698,2024-06-05,2024-06-10,P1194,Electronics,Supplier B,172.57,1,West,Kolkata,Organic,Yes,2024-06-20,Damaged,1,5,10.0,0.18877738413349068,Low
ORD100699,2024-08-17,2024-08-24,P1172,Beauty,Supplier C,979.26,4,South,Chennai,Organic,No,,,0,7,,0.2991653069963062,Low
ORD100700,2024-01-20,2024-01-26,P1140,Sports,Supplier C,1150.13,1,West,Delhi,Social Media,Yes,2024-01-29,No Longer Needed,1,6,3.0,0.20570045098909212,Low
ORD100701,2024-02-10,2024-02-18,P1125,Electronics,Supplier B,1389.26,1,West,Chennai,Ads,No,,,0,8,,0.261785170591815,Low
ORD100702,2024-05-27,2024-05-30,P1057,Home,Supplier B,662.88,2,West,Hyderabad,Email,No,,,0,3,,0.11721627180046992,Low
ORD100703,2024-04-17,2024-04-20,P1147,Electronics,Supplier A,1353.05,3,North,Kolkata,Ads,No,,,0,3,,0.2912265271338804,Low
ORD100704,2024-03-24,2024-03-31,P1199,Fashion,Supplier A,1318.06,4,North,Chennai,Email,No,,,0,7,,0.30213100144654087,Low
ORD100705,2024-11-17,2024-11-22,P1060,Electronics,Supplier A,482.62,2,West,Chennai,Social Media,No,,,0,5,,0.146696995950209,Low
ORD100706,2024-11-04,2024-11-12,P1126,Home,Supplier A,1304.66,1,East,Kolkata,Social Media,Yes,2024-11-26,Late Delivery,1,8,14.0,0.1474765484371121,Low
ORD100707,2024-10-16,2024-10-23,P1104,Beauty,Supplier C,569.75,4,South,Mumbai,Email,No,,,0,7,,0.17417623223379325,Low
ORD100708,2024-11-18,2024-11-20,P1166,Electronics,Supplier C,452.34,1,East,Bangalore,Email,No,,,0,2,,0.12989734583595028,Low
ORD100709,2024-05-13,2024-05-19,P1000,Electronics,Supplier A,977.12,3,North,Hyderabad,Ads,No,,,0,6,,0.25257524811541393,Low
ORD100710,2024-07-25,2024-08-03,P1130,Electronics,Supplier D,499.29,2,South,Hyderabad,Social Media,No,,,0,9,,0.16138054261091864,Low
ORD100711,2024-10-09,2024-10-11,P1091,Electronics,Supplier A,949.01,3,West,Delhi,Ads,Yes,2024-10-17,Size Issue,1,2,6.0,0.22000315408834248,Low
ORD100712,2024-09-22,2024-09-25,P1189,Home,Supplier D,918.65,2,East,Bangalore,Email,No,,,0,3,,0.12096254260834992,Low
ORD100713,2024-03-13,2024-03-19,P1190,Sports,Supplier B,849.52,1,East,Delhi,Organic,No,,,0,6,,0.24220086420922604,Low
ORD100714,2024-12-17,2024-12-24,P1112,Sports,Supplier C,576.83,3,West,Hyderabad,Organic,Yes,2024-12-27,Damaged,1,7,3.0,0.23412521717743298,Low
ORD100715,2024-02-17,2024-02-19,P1152,Electronics,Supplier C,827.26,3,East,Bangalore,Organic,No,,,0,2,,0.228850014199729,Low
ORD100716,2024-11-21,2024-11-25,P1055,Home,Supplier D,898.76,1,North,Chennai,Email,No,,,0,4,,0.1505502200551869,Low
ORD100717,2024-08-20,2024-08-29,P1160,Home,Supplier A,823.07,3,West,Mumbai,Ads,No,,,0,9,,0.1604198218247022,Low
ORD100718,2024-04-09,2024-04-14,P1165,Electronics,Supplier C,672.18,4,East,Chennai,Social Media,No,,,0,5,,0.1468576279451083,Low
ORD100719,2024-02-28,2024-03-07,P1116,Fashion,Supplier D,31.85,2,West,Mumbai,Email,No,,,0,8,,0.1581407738557779,Low
ORD100720,2024-09-14,2024-09-22,P1133,Electronics,Supplier B,884.72,2,South,Kolkata,Organic,No,,,0,8,,0.27218612584004526,Low
ORD100721,2024-03-05,2024-03-10,P1057,Fashion,Supplier B,260.98,2,West,Delhi,Ads,No,,,0,5,,0.21885943658697288,Low
ORD100722,2024-03-23,2024-03-27,P1043,Electronics,Supplier C,967.44,4,East,Delhi,Social Media,No,,,0,4,,0.1671554586122993,Low
ORD100723,2024-06-02,2024-06-05,P1172,Fashion,Supplier A,1141.42,2,North,Kolkata,Social Media,No,,,0,3,,0.28885674319175597,Low
ORD100724,2024-09-22,2024-09-28,P1159,Fashion,Supplier D,755.66,1,West,Bangalore,Email,No,,,0,6,,0.21488385951756162,Low
ORD100725,2024-11-04,2024-11-09,P1172,Electronics,Supplier C,818.12,3,West,Kolkata,Email,No,,,0,5,,0.16598370374762045,Low
ORD100726,2024-03-19,2024-03-23,P1060,Fashion,Supplier B,1427.7,4,East,Hyderabad,Social Media,No,,,0,4,,0.26591067543954805,Low
ORD100727,2024-11-10,2024-11-17,P1046,Beauty,Supplier A,1272.28,2,North,Kolkata,Social Media,No,,,0,7,,0.24957464133816973,Low
ORD100728,2024-05-29,2024-06-07,P1148,Sports,Supplier D,1372.21,1,North,Mumbai,Organic,No,,,0,9,,0.3530987567705731,Low
ORD100729,2024-02-17,2024-02-25,P1079,Home,Supplier C,1222.51,3,South,Hyderabad,Social Media,No,,,0,8,,0.16855903682395235,Low
ORD100730,2024-09-04,2024-09-13,P1117,Fashion,Supplier D,172.29,3,South,Kolkata,Email,Yes,2024-09-18,No Longer Needed,1,9,5.0,0.18317078194919434,Low
ORD100731,2024-10-04,2024-10-08,P1163,Fashion,Supplier A,232.0,4,East,Delhi,Ads,No,,,0,4,,0.2002572685506529,Low
ORD100732,2024-12-21,2024-12-30,P1146,Home,Supplier A,794.67,4,North,Chennai,Organic,No,,,0,9,,0.21545791351316806,Low
ORD100733,2024-04-07,2024-04-10,P1019,Fashion,Supplier B,376.64,4,North,Mumbai,Organic,No,,,0,3,,0.3026651260941744,Low
ORD100734,2024-01-25,2024-01-28,P1184,Home,Supplier A,720.28,1,South,Mumbai,Social Media,No,,,0,3,,0.13504818108977448,Low
ORD100735,2024-10-10,2024-10-12,P1145,Electronics,Supplier C,597.6,1,South,Bangalore,Ads,No,,,0,2,,0.20680347690786977,Low
ORD100736,2024-10-27,2024-11-01,P1046,Beauty,Supplier D,828.63,4,East,Chennai,Organic,No,,,0,5,,0.24397982297582185,Low
ORD100737,2024-03-08,2024-03-10,P1048,Beauty,Supplier A,1122.84,2,North,Mumbai,Email,No,,,0,2,,0.2302895718607104,Low
ORD100738,2024-01-07,2024-01-16,P1013,Sports,Supplier A,1076.08,3,West,Kolkata,Social Media,Yes,2024-01-25,Size Issue,1,9,9.0,0.19948010181149073,Low
ORD100739,2024-10-31,2024-11-08,P1142,Fashion,Supplier C,786.64,3,South,Mumbai,Email,No,,,0,8,,0.23585526751778144,Low
ORD100740,2024-05-16,2024-05-20,P1158,Sports,Supplier D,1235.37,1,East,Mumbai,Social Media,No,,,0,4,,0.19718132469960686,Low
ORD100741,2024-06-12,2024-06-18,P1000,Electronics,Supplier D,651.98,3,North,Mumbai,Organic,Yes,2024-06-20,Not as Described,1,6,2.0,0.2606549987969222,Low
ORD100742,2024-03-23,2024-04-01,P1116,Beauty,Supplier B,1346.1,2,North,Bangalore,Social Media,Yes,2024-04-12,No Longer Needed,1,9,11.0,0.256833035670122,Low
ORD100743,2024-05-17,2024-05-23,P1053,Electronics,Supplier B,116.21,3,South,Mumbai,Ads,Yes,2024-05-25,Wrong Item,1,6,2.0,0.16873308347115648,Low
ORD100744,2024-03-13,2024-03-16,P1117,Electronics,Supplier D,1432.44,1,East,Mumbai,Email,No,,,0,3,,0.19905702563350727,Low
ORD100745,2024-08-24,2024-08-30,P1002,Fashion,Supplier C,985.49,1,West,Bangalore,Ads,No,,,0,6,,0.28996208820323416,Low
ORD100746,2024-02-15,2024-02-21,P1143,Electronics,Supplier C,576.31,2,South,Hyderabad,Email,Yes,2024-03-04,Size Issue,1,6,12.0,0.16300686243906296,Low
ORD100747,2024-04-15,2024-04-23,P1184,Beauty,Supplier B,303.76,2,East,Chennai,Email,No,,,0,8,,0.13056076713916007,Low
ORD100748,2024-10-14,2024-10-20,P1011,Sports,Supplier A,723.98,3,North,Hyderabad,Social Media,No,,,0,6,,0.19678054527474234,Low
ORD100749,2024-09-18,2024-09-27,P1073,Beauty,Supplier C,299.89,3,West,Delhi,Organic,No,,,0,9,,0.21271376770003128,Low
ORD100750,2024-06-24,2024-06-28,P1015,Fashion,Supplier A,257.83,1,East,Bangalore,Organic,Yes,2024-07-04,Damaged,1,4,6.0,0.2387000799623305,Low
ORD100751,2024-06-14,2024-06-20,P1199,Beauty,Supplier C,929.85,2,West,Bangalore,Ads,Yes,2024-06-26,Not as Described,1,6,6.0,0.23281382372475132,Low
ORD100752,2024-05-24,2024-05-31,P1101,Home,Supplier D,789.4,2,East,Mumbai,Social Media,No,,,0,7,,0.11686328022303859,Low
ORD100753,2024-11-25,2024-12-01,P1151,Sports,Supplier B,1008.44,2,East,Mumbai,Organic,No,,,0,6,,0.2576899459981194,Low
ORD100754,2024-10-09,2024-10-15,P1155,Home,Supplier A,1395.11,3,East,Delhi,Email,No,,,0,6,,0.1498752968947579,Low
ORD100755,2024-02-23,2024-02-25,P1116,Home,Supplier A,803.07,2,East,Mumbai,Email,No,,,0,2,,0.11471588712692526,Low
ORD100756,2024-06-26,2024-06-30,P1007,Fashion,Supplier D,875.59,1,West,Kolkata,Social Media,No,,,0,4,,0.23053638632382967,Low
ORD100757,2024-08-31,2024-09-09,P1121,Electronics,Supplier C,143.54,1,South,Mumbai,Ads,No,,,0,9,,0.17073589341712797,Low
ORD100758,2024-12-06,2024-12-09,P1091,Home,Supplier A,1079.28,3,West,Mumbai,Social Media,No,,,0,3,,0.14499089113292676,Low
ORD100759,2024-05-06,2024-05-08,P1163,Beauty,Supplier C,605.86,4,East,Kolkata,Ads,No,,,0,2,,0.18873324673471484,Low
ORD100760,2024-09-27,2024-10-06,P1089,Electronics,Supplier D,1465.32,3,West,Delhi,Social Media,No,,,0,9,,0.22274771937939924,Low
ORD100761,2024-05-11,2024-05-16,P1135,Beauty,Supplier B,1236.53,4,West,Kolkata,Email,Yes,2024-05-27,Late Delivery,1,5,11.0,0.21187469265439543,Low
ORD100762,2024-04-02,2024-04-06,P1185,Beauty,Supplier A,788.5,2,West,Bangalore,Social Media,No,,,0,4,,0.17967341249029742,Low
ORD100763,2024-03-13,2024-03-20,P1059,Electronics,Supplier C,193.6,3,East,Kolkata,Organic,No,,,0,7,,0.17590673084947162,Low
ORD100764,2024-09-04,2024-09-08,P1177,Electronics,Supplier A,1290.53,1,West,Chennai,Organic,No,,,0,4,,0.29387946334614223,Low
ORD100765,2024-12-13,2024-12-18,P1027,Beauty,Supplier C,1201.67,2,North,Bangalore,Social Media,No,,,0,5,,0.24276117876757156,Low
ORD100766,2024-09-29,2024-10-04,P1100,Fashion,Supplier C,285.03,1,East,Mumbai,Ads,No,,,0,5,,0.20471028635791755,Low
ORD100767,2024-02-12,2024-02-17,P1040,Sports,Supplier C,449.96,2,West,Bangalore,Ads,Yes,2024-02-28,Not as Described,1,5,11.0,0.18807414330441713,Low
ORD100768,2024-02-10,2024-02-18,P1191,Sports,Supplier D,1192.18,3,North,Delhi,Email,No,,,0,8,,0.233053238470528,Low
ORD100769,2024-06-18,2024-06-21,P1154,Fashion,Supplier B,285.99,4,West,Delhi,Email,No,,,0,3,,0.17653961068799415,Low
ORD100770,2024-07-30,2024-08-05,P1190,Electronics,Supplier A,1377.45,2,South,Kolkata,Ads,No,,,0,6,,0.281149452289267,Low
ORD100771,2024-06-16,2024-06-20,P1144,Beauty,Supplier B,642.55,4,West,Bangalore,Social Media,No,,,0,4,,0.1687575923475694,Low
ORD100772,2024-02-08,2024-02-17,P1160,Sports,Supplier C,139.69,2,West,Mumbai,Email,No,,,0,9,,0.1295922630978238,Low
ORD100773,2024-09-01,2024-09-09,P1156,Beauty,Supplier C,1225.47,1,South,Delhi,Ads,Yes,2024-09-17,No Longer Needed,1,8,8.0,0.2819765909894149,Low
ORD100774,2024-05-30,2024-06-08,P1140,Fashion,Supplier B,566.53,1,East,Hyderabad,Ads,No,,,0,9,,0.22957261104097496,Low
ORD100775,2024-04-20,2024-04-26,P1045,Beauty,Supplier B,794.48,2,South,Mumbai,Social Media,Yes,2024-05-08,Wrong Item,1,6,12.0,0.19601852911407355,Low
ORD100776,2024-02-16,2024-02-22,P1034,Fashion,Supplier A,177.33,4,East,Hyderabad,Organic,No,,,0,6,,0.23117633515808728,Low
ORD100777,2024-03-03,2024-03-10,P1133,Electronics,Supplier C,13.85,3,South,Chennai,Ads,No,,,0,7,,0.16139814743314118,Low
ORD100778,2024-08-12,2024-08-17,P1081,Fashion,Supplier B,960.6,3,West,Hyderabad,Email,No,,,0,5,,0.23340888887547548,Low
ORD100779,2024-03-09,2024-03-12,P1114,Fashion,Supplier D,777.61,1,West,Delhi,Social Media,No,,,0,3,,0.221622491929043,Low
ORD100780,2024-10-25,2024-11-01,P1196,Sports,Supplier C,894.37,3,East,Kolkata,Social Media,No,,,0,7,,0.17060708870569327,Low
ORD100781,2024-10-16,2024-10-18,P1046,Beauty,Supplier C,1192.68,1,East,Chennai,Social Media,No,,,0,2,,0.19691742180956906,Low
ORD100782,2024-10-22,2024-10-30,P1152,Sports,Supplier A,973.44,3,North,Bangalore,Organic,No,,,0,8,,0.3072914090015887,Low
ORD100783,2024-07-21,2024-07-29,P1193,Home,Supplier D,270.41,2,North,Mumbai,Organic,No,,,0,8,,0.17293627928497074,Low
ORD100784,2024-03-01,2024-03-04,P1009,Fashion,Supplier A,547.55,1,West,Delhi,Email,No,,,0,3,,0.1971893222310319,Low
ORD100785,2024-11-13,2024-11-19,P1055,Home,Supplier D,1359.78,1,West,Chennai,Email,No,,,0,6,,0.1602108690512776,Low
ORD100786,2024-11-09,2024-11-18,P1029,Sports,Supplier A,1157.22,2,North,Chennai,Social Media,Yes,2024-12-01,Not as Described,1,9,13.0,0.2348280850540652,Low
ORD100787,2024-06-09,2024-06-17,P1108,Beauty,Supplier D,839.39,1,North,Delhi,Email,No,,,0,8,,0.20520486538099508,Low
ORD100788,2024-11-26,2024-11-29,P1004,Sports,Supplier D,390.91,3,East,Bangalore,Ads,No,,,0,3,,0.16930351464603566,Low
ORD100789,2024-01-16,2024-01-24,P1118,Beauty,Supplier D,460.07,3,South,Bangalore,Organic,No,,,0,8,,0.24577704975896486,Low
ORD100790,2024-12-03,2024-12-11,P1032,Beauty,Supplier B,1100.62,1,East,Kolkata,Social Media,Yes,2024-12-22,Late Delivery,1,8,11.0,0.1894564614569241,Low
ORD100791,2024-04-03,2024-04-08,P1117,Electronics,Supplier C,1278.25,3,North,Hyderabad,Social Media,No,,,0,5,,0.2348906356031718,Low
ORD100792,2024-10-30,2024-11-01,P1064,Fashion,Supplier D,1010.42,4,West,Bangalore,Ads,No,,,0,2,,0.2926384223670918,Low
ORD100793,2024-05-17,2024-05-22,P1145,Sports,Supplier B,1216.2,1,North,Kolkata,Ads,No,,,0,5,,0.28945975640317584,Low
ORD100794,2024-12-03,2024-12-05,P1176,Beauty,Supplier B,1152.32,2,West,Hyderabad,Ads,No,,,0,2,,0.254111626499792,Low
ORD100795,2024-02-07,2024-02-15,P1010,Sports,Supplier A,233.06,4,West,Chennai,Ads,No,,,0,8,,0.17145300260129015,Low
ORD100796,2024-05-06,2024-05-13,P1084,Sports,Supplier C,641.68,1,West,Delhi,Social Media,No,,,0,7,,0.16583441673261357,Low
ORD100797,2024-10-01,2024-10-10,P1025,Beauty,Supplier C,237.95,2,West,Bangalore,Organic,Yes,2024-10-24,Damaged,1,9,14.0,0.20736961016691716,Low
ORD100798,2024-06-12,2024-06-18,P1062,Home,Supplier A,360.5,3,South,Kolkata,Organic,No,,,0,6,,0.17077690534750814,Low
ORD100799,2024-11-14,2024-11-22,P1085,Fashion,Supplier C,1305.2,2,North,Chennai,Ads,No,,,0,8,,0.3628055722375933,Low
ORD100800,2024-03-17,2024-03-19,P1058,Fashion,Supplier A,714.61,4,East,Bangalore,Email,Yes,2024-03-21,Size Issue,1,2,2.0,0.19554533936310484,Low
ORD100801,2024-06-22,2024-06-24,P1026,Electronics,Supplier B,807.68,3,West,Mumbai,Social Media,No,,,0,2,,0.1691436035504119,Low
ORD100802,2024-12-23,2024-12-25,P1176,Electronics,Supplier B,275.88,1,West,Chennai,Organic,No,,,0,2,,0.19714238706279005,Low
ORD100803,2024-11-16,2024-11-24,P1160,Electronics,Supplier D,475.28,3,East,Bangalore,Ads,No,,,0,8,,0.16668760466052354,Low
ORD100804,2024-03-31,2024-04-03,P1097,Fashion,Supplier A,353.07,1,East,Chennai,Email,No,,,0,3,,0.16764935803765454,Low
ORD100805,2024-08-25,2024-09-01,P1104,Home,Supplier B,317.22,1,West,Delhi,Email,No,,,0,7,,0.09985753855753338,Low
ORD100806,2024-09-20,2024-09-23,P1098,Fashion,Supplier B,960.56,2,East,Delhi,Ads,Yes,2024-10-02,Wrong Item,1,3,9.0,0.2677979169193173,Low
ORD100807,2024-06-27,2024-07-03,P1128,Fashion,Supplier A,392.76,2,East,Delhi,Social Media,Yes,2024-07-05,Late Delivery,1,6,2.0,0.17455881448374852,Low
ORD100808,2024-07-27,2024-08-04,P1148,Fashion,Supplier B,951.7,2,South,Hyderabad,Organic,No,,,0,8,,0.35488863817759253,Low
ORD100809,2024-03-13,2024-03-15,P1054,Fashion,Supplier C,97.1,4,East,Mumbai,Email,Yes,2024-03-28,No Longer Needed,1,2,13.0,0.1498869738714113,Low
ORD100810,2024-04-16,2024-04-23,P1005,Home,Supplier B,221.24,4,North,Delhi,Organic,No,,,0,7,,0.1693096575550699,Low
ORD100811,2024-12-10,2024-12-17,P1196,Electronics,Supplier A,419.06,2,North,Mumbai,Organic,No,,,0,7,,0.2379975765162597,Low
ORD100812,2024-10-21,2024-10-25,P1094,Sports,Supplier C,899.6,4,North,Delhi,Email,Yes,2024-10-26,No Longer Needed,1,4,1.0,0.20696840166012884,Low
ORD100813,2024-10-10,2024-10-16,P1132,Electronics,Supplier C,1017.0,3,West,Hyderabad,Ads,No,,,0,6,,0.22613031209985648,Low
ORD100814,2024-12-18,2024-12-27,P1101,Electronics,Supplier B,669.65,3,North,Chennai,Email,No,,,0,9,,0.17865828386866603,Low
ORD100815,2024-06-30,2024-07-09,P1002,Sports,Supplier D,674.23,4,South,Bangalore,Email,No,,,0,9,,0.17909161666726525,Low
ORD100816,2024-02-06,2024-02-13,P1180,Fashion,Supplier C,1089.53,4,North,Bangalore,Social Media,No,,,0,7,,0.2833455330076896,Low
ORD100817,2024-05-16,2024-05-24,P1022,Home,Supplier A,33.57,3,West,Delhi,Organic,No,,,0,8,,0.1353775740060533,Low
ORD100818,2024-12-03,2024-12-05,P1052,Home,Supplier D,518.22,1,South,Bangalore,Ads,No,,,0,2,,0.15322211733155974,Low
ORD100819,2024-02-25,2024-02-27,P1164,Electronics,Supplier D,1229.87,3,North,Delhi,Organic,Yes,2024-03-08,No Longer Needed,1,2,10.0,0.3225550314007399,Low
ORD100820,2024-07-05,2024-07-12,P1082,Sports,Supplier C,908.8,3,South,Delhi,Email,No,,,0,7,,0.1977314332760729,Low
ORD100821,2024-12-06,2024-12-09,P1144,Beauty,Supplier B,512.47,4,South,Kolkata,Ads,No,,,0,3,,0.21324922436204266,Low
ORD100822,2024-09-14,2024-09-20,P1084,Fashion,Supplier D,1359.23,3,West,Kolkata,Ads,Yes,2024-09-22,Wrong Item,1,6,2.0,0.3315424217848422,Low
ORD100823,2024-02-27,2024-02-29,P1077,Electronics,Supplier B,1161.21,4,West,Kolkata,Ads,No,,,0,2,,0.23952226383046252,Low
ORD100824,2024-12-28,2025-01-04,P1109,Home,Supplier C,404.69,4,South,Mumbai,Ads,Yes,2025-01-16,Not as Described,1,7,12.0,0.1457181008987215,Low
ORD100825,2024-05-02,2024-05-04,P1000,Sports,Supplier A,971.48,2,North,Kolkata,Social Media,No,,,0,2,,0.21791902591568835,Low
ORD100826,2024-07-06,2024-07-15,P1050,Sports,Supplier D,897.67,3,West,Delhi,Ads,No,,,0,9,,0.22622411393611885,Low
ORD100827,2024-08-17,2024-08-24,P1172,Electronics,Supplier A,607.77,1,South,Hyderabad,Email,No,,,0,7,,0.16525123492962607,Low
ORD100828,2024-06-16,2024-06-22,P1003,Beauty,Supplier B,556.76,2,East,Hyderabad,Social Media,Yes,2024-06-29,Wrong Item,1,6,7.0,0.14977561033477116,Low
ORD100829,2024-04-23,2024-04-30,P1189,Home,Supplier B,521.91,4,East,Chennai,Email,No,,,0,7,,0.1006830582195126,Low
ORD100830,2024-09-08,2024-09-12,P1192,Electronics,Supplier A,929.56,4,West,Kolkata,Email,No,,,0,4,,0.17416200754905145,Low
ORD100831,2024-04-16,2024-04-23,P1112,Beauty,Supplier C,669.19,1,North,Hyderabad,Organic,No,,,0,7,,0.27878500603943573,Low
ORD100832,2024-02-06,2024-02-13,P1031,Sports,Supplier C,1249.48,4,East,Kolkata,Ads,No,,,0,7,,0.24156825227744563,Low
ORD100833,2024-11-30,2024-12-08,P1033,Fashion,Supplier D,1007.71,3,East,Chennai,Ads,Yes,2024-12-16,No Longer Needed,1,8,8.0,0.2726328987211087,Low
ORD100834,2024-04-01,2024-04-10,P1091,Home,Supplier D,114.2,2,East,Hyderabad,Email,No,,,0,9,,0.08304513795568534,Low
ORD100835,2024-01-18,2024-01-24,P1094,Home,Supplier C,963.85,4,North,Delhi,Ads,No,,,0,6,,0.1953218199600863,Low
ORD100836,2024-12-19,2024-12-27,P1071,Beauty,Supplier C,414.01,4,North,Mumbai,Social Media,No,,,0,8,,0.17549150175659148,Low
ORD100837,2024-03-03,2024-03-10,P1038,Electronics,Supplier A,893.29,1,West,Kolkata,Organic,Yes,2024-03-15,Late Delivery,1,7,5.0,0.2529032544829471,Low
ORD100838,2024-05-29,2024-06-04,P1153,Sports,Supplier B,1023.4,3,West,Hyderabad,Ads,Yes,2024-06-10,Size Issue,1,6,6.0,0.2378733381770048,Low
ORD100839,2024-05-18,2024-05-22,P1161,Beauty,Supplier B,353.94,4,East,Hyderabad,Ads,No,,,0,4,,0.16948734781354682,Low
ORD100840,2024-07-04,2024-07-10,P1181,Fashion,Supplier D,690.72,1,North,Chennai,Social Media,No,,,0,6,,0.2431816582412649,Low
ORD100841,2024-07-03,2024-07-05,P1117,Fashion,Supplier C,293.58,4,South,Delhi,Organic,No,,,0,2,,0.2809301871323448,Low
ORD100842,2024-07-23,2024-07-31,P1002,Fashion,Supplier A,87.98,1,East,Bangalore,Social Media,No,,,0,8,,0.1528854535564876,Low
ORD100843,2024-09-16,2024-09-22,P1122,Beauty,Supplier D,573.93,1,West,Hyderabad,Email,No,,,0,6,,0.16000040155416534,Low
ORD100844,2024-08-01,2024-08-10,P1049,Sports,Supplier A,550.79,3,North,Mumbai,Email,No,,,0,9,,0.17877282130497446,Low
ORD100845,2024-09-12,2024-09-16,P1011,Home,Supplier C,1493.27,4,West,Chennai,Ads,No,,,0,4,,0.21305758944744577,Low
ORD100846,2024-05-14,2024-05-19,P1192,Electronics,Supplier C,675.07,3,West,Hyderabad,Organic,No,,,0,5,,0.2320689016862572,Low
ORD100847,2024-03-01,2024-03-08,P1053,Home,Supplier C,507.02,1,North,Hyderabad,Email,No,,,0,7,,0.12630812377380474,Low
ORD100848,2024-12-28,2025-01-03,P1132,Sports,Supplier B,874.91,2,East,Chennai,Social Media,No,,,0,6,,0.16917994225899707,Low
ORD100849,2024-11-05,2024-11-12,P1056,Home,Supplier C,142.26,4,North,Chennai,Email,No,,,0,7,,0.10681601829195106,Low
ORD100850,2024-03-28,2024-03-31,P1144,Beauty,Supplier D,1442.88,2,East,Kolkata,Email,Yes,2024-04-12,Size Issue,1,3,12.0,0.21355164892860118,Low
ORD100851,2024-11-19,2024-11-21,P1111,Fashion,Supplier B,956.09,4,West,Hyderabad,Social Media,No,,,0,2,,0.23804575234825232,Low
ORD100852,2024-07-25,2024-08-02,P1046,Sports,Supplier A,1134.71,3,North,Bangalore,Ads,No,,,0,8,,0.280822486869795,Low
ORD100853,2024-05-08,2024-05-10,P1150,Sports,Supplier D,264.01,3,South,Mumbai,Organic,No,,,0,2,,0.22378405364805026,Low
ORD100854,2024-11-06,2024-11-09,P1084,Home,Supplier D,620.12,3,East,Delhi,Ads,No,,,0,3,,0.13494371788247206,Low
ORD100855,2024-01-03,2024-01-06,P1141,Beauty,Supplier A,639.81,3,South,Delhi,Social Media,No,,,0,3,,0.18365201021636723,Low
ORD100856,2024-08-29,2024-09-06,P1065,Home,Supplier B,1234.49,3,East,Bangalore,Email,No,,,0,8,,0.1395413575278098,Low
ORD100857,2024-04-30,2024-05-06,P1074,Home,Supplier D,11.84,2,North,Chennai,Organic,No,,,0,6,,0.15454113038213946,Low
ORD100858,2024-04-11,2024-04-14,P1178,Sports,Supplier D,458.27,3,South,Chennai,Ads,No,,,0,3,,0.2051900438186067,Low
ORD100859,2024-02-07,2024-02-12,P1102,Home,Supplier D,1472.04,1,North,Chennai,Social Media,No,,,0,5,,0.197167328499697,Low
ORD100860,2024-12-06,2024-12-13,P1165,Fashion,Supplier B,717.58,1,East,Hyderabad,Email,No,,,0,7,,0.19578840686496957,Low
ORD100861,2024-05-12,2024-05-19,P1191,Home,Supplier B,579.96,2,East,Chennai,Email,No,,,0,7,,0.10344950370845551,Low
ORD100862,2024-07-20,2024-07-24,P1037,Fashion,Supplier B,188.55,4,East,Chennai,Ads,No,,,0,4,,0.19666312132211886,Low
ORD100863,2024-12-13,2024-12-22,P1049,Sports,Supplier D,1461.51,1,East,Hyderabad,Social Media,No,,,0,9,,0.21646131571732896,Low
ORD100864,2024-01-21,2024-01-24,P1097,Beauty,Supplier C,39.84,4,West,Hyderabad,Email,Yes,2024-01-25,Wrong Item,1,3,1.0,0.1260922794945085,Low
ORD100865,2024-08-29,2024-09-01,P1081,Fashion,Supplier A,1108.4,2,East,Bangalore,Email,Yes,2024-09-07,No Longer Needed,1,3,6.0,0.22977272045817015,Low
ORD100866,2024-04-18,2024-04-23,P1029,Beauty,Supplier C,1155.21,4,South,Kolkata,Organic,Yes,2024-05-05,Damaged,1,5,12.0,0.3186942864930892,Low
ORD100867,2024-10-29,2024-10-31,P1078,Beauty,Supplier B,373.05,4,East,Hyderabad,Email,No,,,0,2,,0.13470564835457952,Low
ORD100868,2024-03-24,2024-03-26,P1090,Fashion,Supplier D,1010.62,4,North,Mumbai,Ads,Yes,2024-04-03,Wrong Item,1,2,8.0,0.3281874861452449,Low
ORD100869,2024-03-23,2024-03-30,P1178,Sports,Supplier D,148.46,4,West,Chennai,Social Media,No,,,0,7,,0.13331917279718503,Low
ORD100870,2024-10-17,2024-10-24,P1190,Electronics,Supplier C,393.0,2,South,Kolkata,Social Media,No,,,0,7,,0.15403939516530854,Low
ORD100871,2024-03-09,2024-03-15,P1051,Beauty,Supplier C,1183.97,1,West,Delhi,Organic,Yes,2024-03-28,No Longer Needed,1,6,13.0,0.29966195205008883,Low
ORD100872,2024-05-08,2024-05-16,P1165,Beauty,Supplier A,1298.38,3,West,Bangalore,Social Media,No,,,0,8,,0.2221094368533247,Low
ORD100873,2024-07-14,2024-07-23,P1078,Sports,Supplier D,916.64,4,West,Kolkata,Ads,Yes,2024-07-26,Not as Described,1,9,3.0,0.2279555625816376,Low
ORD100874,2024-05-19,2024-05-24,P1029,Sports,Supplier C,765.19,1,North,Hyderabad,Email,No,,,0,5,,0.19573102402040754,Low
ORD100875,2024-10-09,2024-10-17,P1105,Home,Supplier A,247.36,1,West,Chennai,Organic,No,,,0,8,,0.14892583620650818,Low
ORD100876,2024-11-07,2024-11-15,P1050,Sports,Supplier B,104.03,2,West,Chennai,Social Media,No,,,0,8,,0.1306721213611972,Low
ORD100877,2024-08-21,2024-08-25,P1080,Beauty,Supplier C,185.3,1,East,Chennai,Organic,No,,,0,4,,0.18762377013942644,Low
ORD100878,2024-01-23,2024-01-31,P1132,Fashion,Supplier B,348.76,2,North,Kolkata,Organic,No,,,0,8,,0.2996139627762138,Low
ORD100879,2024-06-01,2024-06-05,P1028,Electronics,Supplier A,519.1,4,South,Chennai,Social Media,No,,,0,4,,0.16277958720546978,Low
ORD100880,2024-10-03,2024-10-11,P1131,Home,Supplier B,577.56,4,South,Hyderabad,Organic,Yes,2024-10-22,Size Issue,1,8,11.0,0.18735999129782108,Low
ORD100881,2024-03-01,2024-03-06,P1137,Fashion,Supplier D,526.02,3,South,Kolkata,Social Media,Yes,2024-03-07,Size Issue,1,5,1.0,0.21704301603189877,Low
ORD100882,2024-11-14,2024-11-18,P1183,Electronics,Supplier D,366.19,3,North,Chennai,Ads,No,,,0,4,,0.19740097488807806,Low
ORD100883,2024-02-21,2024-02-23,P1144,Electronics,Supplier B,769.49,3,South,Delhi,Social Media,No,,,0,2,,0.18131206032740332,Low
ORD100884,2024-12-09,2024-12-13,P1073,Electronics,Supplier D,1239.68,1,North,Delhi,Email,No,,,0,4,,0.22634963078886305,Low
ORD100885,2024-06-01,2024-06-05,P1016,Fashion,Supplier A,426.76,4,East,Mumbai,Social Media,Yes,2024-06-16,Size Issue,1,4,11.0,0.17712104872252601,Low
ORD100886,2024-08-24,2024-08-29,P1083,Home,Supplier D,1414.16,2,East,Chennai,Email,No,,,0,5,,0.1511418700744391,Low
ORD100887,2024-11-06,2024-11-11,P1068,Home,Supplier B,1311.27,3,North,Chennai,Organic,No,,,0,5,,0.2643084725027245,Low
ORD100888,2024-10-28,2024-11-01,P1033,Electronics,Supplier B,251.03,2,South,Kolkata,Social Media,No,,,0,4,,0.14466268732814724,Low
ORD100889,2024-02-01,2024-02-10,P1005,Fashion,Supplier B,1181.55,2,North,Kolkata,Email,No,,,0,9,,0.28737688017041507,Low
ORD100890,2024-02-24,2024-02-27,P1052,Electronics,Supplier C,866.14,3,North,Chennai,Social Media,No,,,0,3,,0.19857845638659657,Low
ORD100891,2024-12-17,2024-12-26,P1193,Sports,Supplier B,854.2,4,West,Mumbai,Social Media,No,,,0,9,,0.18169165204236487,Low
ORD100892,2024-02-05,2024-02-10,P1125,Home,Supplier A,592.65,3,North,Chennai,Social Media,No,,,0,5,,0.13454100349681786,Low
ORD100893,2024-04-19,2024-04-28,P1042,Beauty,Supplier D,756.72,2,West,Hyderabad,Ads,No,,,0,9,,0.21712141788055253,Low
ORD100894,2024-06-25,2024-07-04,P1114,Electronics,Supplier D,601.8,3,East,Kolkata,Email,No,,,0,9,,0.13893724624156842,Low
ORD100895,2024-12-27,2025-01-02,P1110,Sports,Supplier C,814.2,2,West,Chennai,Ads,No,,,0,6,,0.21871646668005762,Low
ORD100896,2024-11-09,2024-11-15,P1150,Home,Supplier C,945.65,2,North,Kolkata,Ads,No,,,0,6,,0.19383859214500637,Low
ORD100897,2024-10-21,2024-10-23,P1182,Fashion,Supplier A,1014.71,3,East,Chennai,Email,No,,,0,2,,0.2212640317801399,Low
ORD100898,2024-12-01,2024-12-09,P1079,Home,Supplier B,803.4,1,West,Bangalore,Social Media,No,,,0,8,,0.1280955480335259,Low
ORD100899,2024-04-06,2024-04-10,P1094,Fashion,Supplier C,1084.92,3,North,Kolkata,Ads,No,,,0,4,,0.33676209631853726,Low
ORD100900,2024-07-31,2024-08-03,P1117,Fashion,Supplier D,220.5,1,East,Mumbai,Ads,No,,,0,3,,0.1993012317994616,Low
ORD100901,2024-11-12,2024-11-14,P1143,Electronics,Supplier C,325.85,2,West,Bangalore,Ads,No,,,0,2,,0.16942588995405303,Low
ORD100902,2024-05-16,2024-05-20,P1007,Electronics,Supplier C,1229.92,2,North,Hyderabad,Social Media,No,,,0,4,,0.23040404434352926,Low
ORD100903,2024-01-06,2024-01-15,P1131,Home,Supplier B,490.57,1,North,Chennai,Ads,No,,,0,9,,0.1595061260032343,Low
ORD100904,2024-04-18,2024-04-23,P1103,Sports,Supplier C,44.11,2,South,Hyderabad,Organic,No,,,0,5,,0.20454913251967374,Low
ORD100905,2024-02-04,2024-02-10,P1131,Home,Supplier A,239.15,1,South,Kolkata,Email,No,,,0,6,,0.10571088931199492,Low
ORD100906,2024-02-08,2024-02-15,P1183,Beauty,Supplier D,343.19,1,West,Bangalore,Organic,No,,,0,7,,0.2165089564861056,Low
ORD100907,2024-05-29,2024-06-01,P1024,Fashion,Supplier B,1436.41,2,West,Hyderabad,Social Media,No,,,0,3,,0.2862536724670393,Low
ORD100908,2024-04-27,2024-05-06,P1194,Fashion,Supplier D,863.83,4,West,Mumbai,Ads,No,,,0,9,,0.27711182747009444,Low
ORD100909,2024-09-17,2024-09-24,P1095,Electronics,Supplier A,1399.77,1,North,Kolkata,Email,No,,,0,7,,0.24125894297585276,Low
ORD100910,2024-03-27,2024-04-02,P1194,Sports,Supplier A,866.99,3,West,Bangalore,Ads,No,,,0,6,,0.2234436023996716,Low
ORD100911,2024-03-16,2024-03-25,P1154,Electronics,Supplier C,724.24,3,North,Hyderabad,Social Media,No,,,0,9,,0.18709569511106763,Low
ORD100912,2024-11-08,2024-11-16,P1092,Beauty,Supplier C,477.45,2,West,Bangalore,Email,No,,,0,8,,0.1533718395926131,Low
ORD100913,2024-08-01,2024-08-09,P1159,Home,Supplier C,913.49,4,North,Bangalore,Organic,No,,,0,8,,0.22608583374645538,Low
ORD100914,2024-10-11,2024-10-18,P1177,Home,Supplier D,217.41,2,North,Hyderabad,Email,No,,,0,7,,0.11060212002630987,Low
ORD100915,2024-08-26,2024-08-31,P1060,Sports,Supplier A,1348.41,4,South,Delhi,Ads,No,,,0,5,,0.2908459901397376,Low
ORD100916,2024-06-13,2024-06-22,P1121,Electronics,Supplier B,1245.71,1,East,Chennai,Email,Yes,2024-06-26,Damaged,1,9,4.0,0.1840266498042395,Low
ORD100917,2024-03-27,2024-03-31,P1050,Electronics,Supplier C,483.12,1,North,Kolkata,Social Media,No,,,0,4,,0.1687686123283293,Low
ORD100918,2024-05-20,2024-05-29,P1146,Beauty,Supplier D,1429.67,1,West,Kolkata,Social Media,No,,,0,9,,0.23412879477332468,Low
ORD100919,2024-06-08,2024-06-13,P1020,Home,Supplier C,1239.55,1,South,Kolkata,Email,No,,,0,5,,0.16588222417467177,Low
ORD100920,2024-02-15,2024-02-24,P1004,Electronics,Supplier A,1002.8,3,West,Bangalore,Social Media,Yes,2024-02-25,No Longer Needed,1,9,1.0,0.1838852201087512,Low
ORD100921,2024-04-21,2024-04-28,P1091,Sports,Supplier B,191.43,3,West,Hyderabad,Social Media,No,,,0,7,,0.1359222630629489,Low
ORD100922,2024-02-14,2024-02-19,P1169,Home,Supplier A,722.57,2,North,Chennai,Social Media,No,,,0,5,,0.14260374382520527,Low
ORD100923,2024-09-03,2024-09-09,P1060,Beauty,Supplier D,764.1,4,North,Mumbai,Organic,No,,,0,6,,0.2888159535272269,Low
ORD100924,2024-04-13,2024-04-16,P1021,Sports,Supplier C,356.5,1,East,Kolkata,Ads,No,,,0,3,,0.16680180784338525,Low
ORD100925,2024-03-25,2024-03-30,P1148,Fashion,Supplier A,129.15,1,North,Hyderabad,Social Media,Yes,2024-04-13,No Longer Needed,1,5,14.0,0.19351344021615097,Low
ORD100926,2024-05-13,2024-05-22,P1069,Beauty,Supplier D,1167.32,4,North,Chennai,Email,No,,,0,9,,0.23441512324727035,Low
ORD100927,2024-04-17,2024-04-23,P1000,Sports,Supplier C,191.83,4,East,Chennai,Social Media,Yes,2024-05-01,No Longer Needed,1,6,8.0,0.12491764747479722,Low
ORD100928,2024-01-18,2024-01-21,P1132,Electronics,Supplier B,895.49,2,West,Delhi,Organic,No,,,0,3,,0.25311947351383646,Low
ORD100929,2024-04-03,2024-04-11,P1011,Fashion,Supplier A,1405.31,4,East,Hyderabad,Email,No,,,0,8,,0.2582284117359747,Low
ORD100930,2024-05-29,2024-06-02,P1089,Beauty,Supplier C,1315.4,1,East,Kolkata,Ads,No,,,0,4,,0.25175205734351175,Low
ORD100931,2024-09-02,2024-09-09,P1045,Electronics,Supplier C,423.85,1,East,Bangalore,Email,Yes,2024-09-14,No Longer Needed,1,7,5.0,0.12823202564962188,Low
ORD100932,2024-10-15,2024-10-24,P1033,Fashion,Supplier C,1278.66,1,South,Chennai,Email,Yes,2024-10-25,Damaged,1,9,1.0,0.2850230428723083,Low
ORD100933,2024-07-27,2024-08-05,P1176,Home,Supplier C,10.5,1,West,Chennai,Email,No,,,0,9,,0.08640767094545693,Low
ORD100934,2024-05-05,2024-05-13,P1077,Electronics,Supplier A,36.35,1,South,Mumbai,Email,No,,,0,8,,0.1282175195229051,Low
ORD100935,2024-08-22,2024-08-26,P1044,Sports,Supplier C,907.8,2,South,Delhi,Social Media,No,,,0,4,,0.20214037082895292,Low
ORD100936,2024-05-01,2024-05-09,P1154,Beauty,Supplier D,553.55,1,North,Chennai,Ads,No,,,0,8,,0.22757294362515745,Low
ORD100937,2024-05-17,2024-05-19,P1072,Fashion,Supplier A,585.83,2,East,Chennai,Social Media,No,,,0,2,,0.1895008669370629,Low
ORD100938,2024-04-24,2024-05-02,P1025,Electronics,Supplier C,851.02,1,East,Bangalore,Organic,Yes,2024-05-16,Late Delivery,1,8,14.0,0.23103780277095282,Low
ORD100939,2024-06-10,2024-06-16,P1046,Home,Supplier A,295.76,3,South,Bangalore,Organic,No,,,0,6,,0.16606211016434028,Low
ORD100940,2024-07-19,2024-07-22,P1120,Beauty,Supplier D,325.52,3,North,Mumbai,Email,No,,,0,3,,0.1650261429643561,Low
ORD100941,2024-08-21,2024-08-30,P1055,Beauty,Supplier D,732.06,3,North,Hyderabad,Social Media,No,,,0,9,,0.2007191785045444,Low
ORD100942,2024-01-28,2024-02-05,P1093,Electronics,Supplier A,1133.84,3,North,Mumbai,Social Media,No,,,0,8,,0.22166421149232224,Low
ORD100943,2024-01-11,2024-01-20,P1106,Home,Supplier C,933.05,2,West,Mumbai,Ads,Yes,2024-01-28,Wrong Item,1,9,8.0,0.16827304433519955,Low
ORD100944,2024-07-24,2024-07-29,P1062,Fashion,Supplier C,453.06,2,South,Bangalore,Ads,No,,,0,5,,0.2557159185254084,Low
ORD100945,2024-06-15,2024-06-19,P1047,Electronics,Supplier D,651.2,4,West,Hyderabad,Ads,No,,,0,4,,0.19458099439863874,Low
ORD100946,2024-09-03,2024-09-11,P1060,Fashion,Supplier C,264.29,1,North,Bangalore,Social Media,No,,,0,8,,0.20471769552690292,Low
ORD100947,2024-02-16,2024-02-19,P1080,Beauty,Supplier D,121.2,3,North,Delhi,Ads,No,,,0,3,,0.19047974191110914,Low
ORD100948,2024-09-02,2024-09-08,P1025,Fashion,Supplier C,1176.22,2,North,Kolkata,Ads,No,,,0,6,,0.34744716448710594,Low
ORD100949,2024-05-06,2024-05-08,P1035,Home,Supplier D,405.43,1,East,Kolkata,Ads,No,,,0,2,,0.12243409696642603,Low
ORD100950,2024-05-26,2024-06-04,P1000,Sports,Supplier B,274.87,1,South,Delhi,Email,No,,,0,9,,0.15056355279313724,Low
ORD100951,2024-04-27,2024-05-01,P1007,Home,Supplier C,1040.51,2,East,Kolkata,Organic,No,,,0,4,,0.193427450626916,Low
ORD100952,2024-05-31,2024-06-07,P1112,Fashion,Supplier C,930.9,3,West,Hyderabad,Organic,No,,,0,7,,0.3290421994580797,Low
ORD100953,2024-03-12,2024-03-15,P1098,Electronics,Supplier C,953.45,4,East,Bangalore,Social Media,Yes,2024-03-24,Wrong Item,1,3,9.0,0.16614511944186633,Low
ORD100954,2024-12-28,2025-01-04,P1179,Beauty,Supplier A,351.05,1,South,Kolkata,Social Media,No,,,0,7,,0.16219881237676761,Low
ORD100955,2024-05-16,2024-05-19,P1046,Sports,Supplier C,356.64,4,East,Hyderabad,Email,No,,,0,3,,0.1313536509541387,Low
ORD100956,2024-06-23,2024-06-26,P1126,Electronics,Supplier A,339.0,3,North,Bangalore,Organic,No,,,0,3,,0.2305298551969912,Low
ORD100957,2024-10-15,2024-10-21,P1055,Electronics,Supplier A,268.89,3,West,Hyderabad,Ads,No,,,0,6,,0.1652984367387904,Low
ORD100958,2024-01-19,2024-01-25,P1013,Home,Supplier D,987.03,4,West,Delhi,Ads,No,,,0,6,,0.1722383771362239,Low
ORD100959,2024-07-13,2024-07-19,P1027,Fashion,Supplier A,1273.54,3,North,Mumbai,Social Media,No,,,0,6,,0.30317197370560545,Low
ORD100960,2024-11-25,2024-12-03,P1077,Home,Supplier A,1089.23,1,North,Delhi,Organic,Yes,2024-12-13,No Longer Needed,1,8,10.0,0.24247489015340762,Low
ORD100961,2024-06-23,2024-06-28,P1129,Fashion,Supplier B,1190.22,4,North,Kolkata,Social Media,Yes,2024-06-30,Not as Described,1,5,2.0,0.2940974093996084,Low
ORD100962,2024-12-19,2024-12-22,P1108,Home,Supplier C,613.15,3,South,Bangalore,Social Media,No,,,0,3,,0.12867204251923556,Low
ORD100963,2024-05-20,2024-05-24,P1153,Electronics,Supplier A,984.57,4,East,Hyderabad,Ads,No,,,0,4,,0.20677955517873797,Low
ORD100964,2024-09-02,2024-09-09,P1013,Beauty,Supplier C,537.81,1,West,Kolkata,Ads,No,,,0,7,,0.19839472077697565,Low
ORD100965,2024-04-02,2024-04-08,P1186,Fashion,Supplier A,793.0,3,East,Kolkata,Organic,Yes,2024-04-17,Size Issue,1,6,9.0,0.292862435924195,Low
ORD100966,2024-08-26,2024-09-03,P1055,Sports,Supplier D,727.64,1,North,Mumbai,Social Media,No,,,0,8,,0.19708154442691808,Low
ORD100967,2024-07-23,2024-07-29,P1114,Sports,Supplier B,273.56,3,North,Kolkata,Email,No,,,0,6,,0.1585778112506325,Low
ORD100968,2024-02-17,2024-02-24,P1006,Electronics,Supplier A,586.75,2,East,Mumbai,Organic,No,,,0,7,,0.2075289282214037,Low
ORD100969,2024-09-01,2024-09-08,P1002,Home,Supplier C,1446.1,3,West,Bangalore,Social Media,No,,,0,7,,0.17027370617576815,Low
ORD100970,2024-11-15,2024-11-24,P1110,Home,Supplier D,380.38,4,South,Bangalore,Organic,Yes,2024-12-02,Damaged,1,9,8.0,0.17224586848264586,Low
ORD100971,2024-11-12,2024-11-15,P1150,Electronics,Supplier C,209.37,3,East,Hyderabad,Organic,No,,,0,3,,0.1770986892708877,Low
ORD100972,2024-10-21,2024-10-27,P1106,Sports,Supplier D,633.69,1,North,Mumbai,Organic,No,,,0,6,,0.2710131113921514,Low
ORD100973,2024-05-07,2024-05-14,P1017,Sports,Supplier B,1187.6,1,North,Delhi,Email,Yes,2024-05-21,Not as Described,1,7,7.0,0.23262780971828614,Low
ORD100974,2024-12-09,2024-12-14,P1037,Home,Supplier D,877.4,3,South,Bangalore,Email,Yes,2024-12-17,Not as Described,1,5,3.0,0.14143518866082366,Low
ORD100975,2024-10-08,2024-10-13,P1114,Fashion,Supplier C,1024.65,4,East,Hyderabad,Ads,No,,,0,5,,0.2743832711309496,Low
ORD100976,2024-01-17,2024-01-23,P1014,Beauty,Supplier C,292.65,2,South,Delhi,Ads,No,,,0,6,,0.19469920630793192,Low
ORD100977,2024-03-11,2024-03-19,P1191,Fashion,Supplier A,932.23,4,South,Bangalore,Social Media,Yes,2024-03-21,No Longer Needed,1,8,2.0,0.25507114006791565,Low
ORD100978,2024-09-25,2024-10-02,P1118,Sports,Supplier D,492.02,2,West,Bangalore,Organic,No,,,0,7,,0.22631005711509838,Low
ORD100979,2024-11-20,2024-11-29,P1027,Fashion,Supplier C,1253.11,1,West,Hyderabad,Social Media,No,,,0,9,,0.26718180861218804,Low
ORD100980,2024-10-08,2024-10-11,P1038,Beauty,Supplier A,947.66,4,North,Hyderabad,Ads,No,,,0,3,,0.2655881827697251,Low
ORD100981,2024-10-31,2024-11-03,P1184,Fashion,Supplier B,306.3,2,East,Chennai,Email,No,,,0,3,,0.16428288436942354,Low
ORD100982,2024-01-07,2024-01-15,P1016,Fashion,Supplier C,106.28,3,West,Kolkata,Ads,No,,,0,8,,0.20541755263218964,Low
ORD100983,2024-11-09,2024-11-18,P1085,Fashion,Supplier A,73.52,1,North,Kolkata,Social Media,No,,,0,9,,0.1890386676386826,Low
ORD100984,2024-10-31,2024-11-03,P1125,Fashion,Supplier C,563.4,3,East,Delhi,Ads,No,,,0,3,,0.22928485652726266,Low
ORD100985,2024-04-12,2024-04-21,P1043,Electronics,Supplier D,406.12,1,North,Kolkata,Social Media,No,,,0,9,,0.16322564705960754,Low
ORD100986,2024-11-04,2024-11-06,P1024,Sports,Supplier A,972.67,4,West,Delhi,Social Media,No,,,0,2,,0.19103147300985207,Low
ORD100987,2024-07-11,2024-07-17,P1144,Beauty,Supplier D,754.01,4,North,Bangalore,Social Media,No,,,0,6,,0.2025566534376155,Low
ORD100988,2024-08-28,2024-08-31,P1012,Sports,Supplier B,406.37,1,East,Chennai,Social Media,No,,,0,3,,0.13763196510650785,Low
ORD100989,2024-03-02,2024-03-07,P1024,Electronics,Supplier D,232.36,1,East,Chennai,Ads,No,,,0,5,,0.14987145512534086,Low
ORD100990,2024-01-17,2024-01-24,P1067,Electronics,Supplier A,199.53,1,North,Bangalore,Social Media,Yes,2024-01-31,Damaged,1,7,7.0,0.14907796323907674,Low
ORD100991,2024-06-19,2024-06-28,P1137,Electronics,Supplier C,1298.34,4,East,Hyderabad,Social Media,No,,,0,9,,0.19249963845384896,Low
ORD100992,2024-01-25,2024-02-03,P1066,Electronics,Supplier A,372.78,2,North,Mumbai,Organic,No,,,0,9,,0.2336605825513149,Low
ORD100993,2024-09-07,2024-09-11,P1108,Fashion,Supplier D,981.05,3,East,Mumbai,Social Media,No,,,0,4,,0.22309234621771717,Low
ORD100994,2024-09-09,2024-09-17,P1145,Sports,Supplier D,1217.92,3,North,Kolkata,Ads,No,,,0,8,,0.2896437506803294,Low
ORD100995,2024-07-25,2024-07-29,P1110,Home,Supplier C,924.98,4,North,Hyderabad,Social Media,No,,,0,4,,0.1559634835284071,Low
ORD100996,2024-01-29,2024-02-01,P1110,Beauty,Supplier B,1290.75,3,North,Delhi,Email,No,,,0,3,,0.24612985686465816,Low
ORD100997,2024-04-26,2024-04-30,P1033,Electronics,Supplier A,594.67,1,South,Chennai,Email,No,,,0,4,,0.16431367697571636,Low
ORD100998,2024-10-08,2024-10-12,P1110,Sports,Supplier C,1434.77,2,East,Kolkata,Social Media,No,,,0,4,,0.21411220499247857,Low
ORD100999,2024-05-23,2024-05-25,P1007,Electronics,Supplier C,208.39,3,West,Bangalore,Email,Yes,2024-05-30,Wrong Item,1,2,5.0,0.12659204587871017,Low
ORD101000,2024-01-25,2024-02-03,P1167,Electronics,Supplier C,162.2,2,North,Hyderabad,Email,No,,,0,9,,0.14315283508804763,Low
ORD101001,2024-11-05,2024-11-10,P1112,Electronics,Supplier A,991.45,1,South,Chennai,Ads,No,,,0,5,,0.24241336572280675,Low
ORD101002,2024-06-04,2024-06-12,P1082,Electronics,Supplier A,1414.82,3,West,Delhi,Organic,No,,,0,8,,0.3074680077896795,Low
ORD101003,2024-03-13,2024-03-18,P1041,Electronics,Supplier A,1215.24,4,North,Delhi,Email,No,,,0,5,,0.22413179527337335,Low
ORD101004,2024-04-29,2024-05-01,P1168,Beauty,Supplier B,123.86,2,West,Mumbai,Email,Yes,2024-05-07,Size Issue,1,2,6.0,0.13098597887133429,Low
ORD101005,2024-11-07,2024-11-09,P1100,Sports,Supplier C,426.26,1,South,Kolkata,Organic,No,,,0,2,,0.23878059248613936,Low
ORD101006,2024-11-16,2024-11-20,P1005,Electronics,Supplier D,1396.18,2,West,Bangalore,Organic,Yes,2024-11-24,Wrong Item,1,4,4.0,0.305407900768014,Low
ORD101007,2024-04-02,2024-04-08,P1179,Electronics,Supplier D,387.06,3,North,Chennai,Email,Yes,2024-04-10,Not as Described,1,6,2.0,0.15810235712926002,Low
ORD101008,2024-03-26,2024-04-04,P1025,Electronics,Supplier C,1173.94,3,West,Delhi,Social Media,Yes,2024-04-13,Size Issue,1,9,9.0,0.19761821059714899,Low
ORD101009,2024-12-01,2024-12-08,P1063,Electronics,Supplier D,1239.45,4,West,Chennai,Email,No,,,0,7,,0.19856860396961085,Low
ORD101010,2024-12-29,2025-01-07,P1186,Fashion,Supplier B,748.22,1,North,Bangalore,Social Media,No,,,0,9,,0.248726929609192,Low
ORD101011,2024-04-27,2024-05-04,P1183,Fashion,Supplier B,585.66,1,South,Chennai,Social Media,No,,,0,7,,0.22235958523975172,Low
ORD101012,2024-08-20,2024-08-24,P1058,Home,Supplier A,680.69,4,South,Kolkata,Social Media,No,,,0,4,,0.13266137398549527,Low
ORD101013,2024-07-17,2024-07-24,P1108,Electronics,Supplier A,348.18,4,West,Mumbai,Organic,Yes,2024-07-27,Late Delivery,1,7,3.0,0.20316099197280757,Low
ORD101014,2024-07-24,2024-07-26,P1197,Home,Supplier A,1335.19,1,East,Chennai,Email,No,,,0,2,,0.14594835368522624,Low
ORD101015,2024-12-04,2024-12-09,P1120,Beauty,Supplier A,681.42,2,West,Hyderabad,Email,No,,,0,5,,0.16765642626263705,Low
ORD101016,2024-05-26,2024-06-02,P1032,Home,Supplier A,1324.86,2,East,Mumbai,Ads,No,,,0,7,,0.18370265103490888,Low
ORD101017,2024-09-27,2024-10-06,P1180,Sports,Supplier D,167.48,4,West,Bangalore,Organic,Yes,2024-10-18,Not as Described,1,9,12.0,0.19812868326085706,Low
ORD101018,2024-05-18,2024-05-26,P1149,Fashion,Supplier D,1482.53,2,South,Mumbai,Ads,No,,,0,8,,0.3698141635182751,Low
ORD101019,2024-06-29,2024-07-03,P1020,Fashion,Supplier A,670.48,1,West,Chennai,Ads,No,,,0,4,,0.2574282190646833,Low
ORD101020,2024-01-30,2024-02-05,P1197,Electronics,Supplier B,81.27,3,West,Chennai,Social Media,No,,,0,6,,0.1224475260530891,Low
ORD101021,2024-02-26,2024-03-01,P1069,Electronics,Supplier D,66.65,3,East,Hyderabad,Organic,No,,,0,4,,0.16654059415600553,Low
ORD101022,2024-08-19,2024-08-22,P1111,Beauty,Supplier B,1121.85,2,South,Delhi,Ads,Yes,2024-09-05,Wrong Item,1,3,14.0,0.2711961560688713,Low
ORD101023,2024-05-25,2024-05-29,P1003,Beauty,Supplier B,991.96,4,East,Hyderabad,Email,No,,,0,4,,0.17680666632242795,Low
ORD101024,2024-02-17,2024-02-19,P1093,Sports,Supplier C,1205.17,4,West,Chennai,Ads,No,,,0,2,,0.2554314204574822,Low
ORD101025,2024-07-12,2024-07-17,P1074,Electronics,Supplier C,167.0,4,North,Mumbai,Organic,No,,,0,5,,0.21504743842750093,Low
ORD101026,2024-08-11,2024-08-16,P1189,Electronics,Supplier A,63.0,4,West,Hyderabad,Email,No,,,0,5,,0.11846592533589294,Low
ORD101027,2024-05-15,2024-05-23,P1061,Beauty,Supplier B,767.78,4,West,Hyderabad,Email,Yes,2024-05-30,Wrong Item,1,8,7.0,0.17401719140777833,Low
ORD101028,2024-01-22,2024-01-29,P1093,Beauty,Supplier D,587.52,2,East,Delhi,Email,No,,,0,7,,0.1482428355909443,Low
ORD101029,2024-01-06,2024-01-08,P1094,Beauty,Supplier C,698.3,3,North,Chennai,Social Media,No,,,0,2,,0.1979174826702579,Low
ORD101030,2024-07-22,2024-07-25,P1151,Fashion,Supplier C,1487.47,3,North,Chennai,Email,Yes,2024-08-08,No Longer Needed,1,3,14.0,0.32102295605707876,Low
ORD101031,2024-08-26,2024-08-28,P1054,Home,Supplier B,1456.42,2,East,Bangalore,Social Media,No,,,0,2,,0.1576771447436484,Low
ORD101032,2024-07-03,2024-07-07,P1136,Home,Supplier C,1414.05,4,South,Delhi,Social Media,No,,,0,4,,0.18298246108815758,Low
ORD101033,2024-12-25,2024-12-27,P1130,Electronics,Supplier C,1177.93,2,North,Bangalore,Ads,No,,,0,2,,0.27279260829848406,Low
ORD101034,2024-10-18,2024-10-20,P1030,Fashion,Supplier D,538.71,3,North,Bangalore,Ads,No,,,0,2,,0.2765188892276363,Low
ORD101035,2024-11-30,2024-12-08,P1039,Beauty,Supplier B,624.08,1,East,Bangalore,Email,No,,,0,8,,0.1506594862589854,Low
ORD101036,2024-08-07,2024-08-10,P1035,Electronics,Supplier C,828.93,2,South,Kolkata,Organic,No,,,0,3,,0.26647701175277233,Low
ORD101037,2024-04-25,2024-04-29,P1151,Fashion,Supplier B,1247.5,4,South,Bangalore,Email,No,,,0,4,,0.2817325039923911,Low
ORD101038,2024-11-08,2024-11-14,P1005,Sports,Supplier C,112.38,3,West,Hyderabad,Ads,No,,,0,6,,0.16272104006057636,Low
ORD101039,2024-02-18,2024-02-26,P1065,Fashion,Supplier D,642.2,3,West,Mumbai,Email,Yes,2024-03-05,Wrong Item,1,8,8.0,0.20509732722274887,Low
ORD101040,2024-06-21,2024-06-27,P1074,Electronics,Supplier B,133.1,3,East,Hyderabad,Ads,No,,,0,6,,0.1434131046615016,Low
ORD101041,2024-03-22,2024-03-30,P1003,Home,Supplier C,776.84,3,South,Hyderabad,Email,No,,,0,8,,0.1352034656457583,Low
ORD101042,2024-11-17,2024-11-22,P1078,Beauty,Supplier D,1349.36,4,East,Chennai,Organic,Yes,2024-11-24,Damaged,1,5,2.0,0.29729875751309914,Low
ORD101043,2024-11-28,2024-12-07,P1133,Sports,Supplier C,1175.9,1,West,Kolkata,Email,No,,,0,9,,0.203311860900314,Low
ORD101044,2024-02-14,2024-02-22,P1117,Fashion,Supplier B,349.49,3,East,Bangalore,Organic,No,,,0,8,,0.24746938541851562,Low
ORD101045,2024-11-30,2024-12-07,P1112,Electronics,Supplier C,1464.23,2,East,Chennai,Organic,No,,,0,7,,0.292436244020616,Low
ORD101046,2024-01-20,2024-01-22,P1093,Electronics,Supplier B,1004.35,1,North,Delhi,Email,Yes,2024-02-05,Not as Described,1,2,14.0,0.20563917811056961,Low
ORD101047,2024-08-08,2024-08-13,P1178,Beauty,Supplier B,25.54,3,North,Delhi,Organic,Yes,2024-08-19,Size Issue,1,5,6.0,0.21666550498723638,Low
ORD101048,2024-05-02,2024-05-05,P1061,Electronics,Supplier C,390.57,1,North,Chennai,Organic,Yes,2024-05-16,Wrong Item,1,3,11.0,0.235321194231809,Low
ORD101049,2024-08-21,2024-08-27,P1184,Electronics,Supplier D,398.46,2,West,Mumbai,Ads,No,,,0,6,,0.17480579422602235,Low
ORD101050,2024-08-08,2024-08-17,P1193,Beauty,Supplier A,113.19,3,East,Chennai,Ads,Yes,2024-08-25,No Longer Needed,1,9,8.0,0.15258627157033863,Low
ORD101051,2024-11-18,2024-11-27,P1078,Sports,Supplier D,1440.14,2,North,Chennai,Organic,No,,,0,9,,0.3612088744899555,Low
ORD101052,2024-12-04,2024-12-12,P1135,Home,Supplier D,722.6,4,North,Kolkata,Social Media,Yes,2024-12-19,No Longer Needed,1,8,7.0,0.14260565127633418,Low
ORD101053,2024-01-03,2024-01-05,P1025,Home,Supplier C,1344.76,3,North,Delhi,Email,No,,,0,2,,0.18266955144469488,Low
ORD101054,2024-06-30,2024-07-03,P1178,Fashion,Supplier D,490.1,3,West,Delhi,Organic,No,,,0,3,,0.28054828472121573,Low
ORD101055,2024-07-24,2024-07-31,P1172,Sports,Supplier D,196.6,3,West,Bangalore,Email,No,,,0,7,,0.13296717598840496,Low
ORD101056,2024-11-15,2024-11-18,P1043,Fashion,Supplier A,716.76,3,East,Hyderabad,Ads,Yes,2024-11-29,Wrong Item,1,3,11.0,0.24368087217358989,Low
ORD101057,2024-02-09,2024-02-11,P1132,Home,Supplier D,179.8,4,East,Chennai,Email,No,,,0,2,,0.08568002566936696,Low
ORD101058,2024-02-28,2024-03-06,P1069,Beauty,Supplier A,734.16,3,East,Chennai,Organic,No,,,0,7,,0.23503268695208848,Low
ORD101059,2024-03-02,2024-03-05,P1153,Electronics,Supplier C,1381.24,1,North,Mumbai,Organic,No,,,0,3,,0.33998980653126165,Low
ORD101060,2024-05-11,2024-05-18,P1117,Home,Supplier A,785.94,3,South,Delhi,Organic,No,,,0,7,,0.2044199038372217,Low
ORD101061,2024-02-29,2024-03-08,P1067,Sports,Supplier B,928.58,4,West,Mumbai,Organic,Yes,2024-03-11,Damaged,1,8,3.0,0.2684999130626392,Low
ORD101062,2024-11-26,2024-12-04,P1018,Home,Supplier B,243.39,3,North,Kolkata,Social Media,No,,,0,8,,0.11476038688952842,Low
ORD101063,2024-05-01,2024-05-03,P1019,Sports,Supplier A,75.17,1,North,Bangalore,Social Media,No,,,0,2,,0.14881433326341187,Low
ORD101064,2024-04-16,2024-04-18,P1112,Sports,Supplier B,175.1,4,East,Mumbai,Social Media,Yes,2024-04-19,No Longer Needed,1,2,1.0,0.1239697348738825,Low
ORD101065,2024-04-05,2024-04-12,P1139,Sports,Supplier C,901.81,4,East,Delhi,Organic,No,,,0,7,,0.24722653275444045,Low
ORD101066,2024-12-12,2024-12-16,P1046,Fashion,Supplier B,151.57,1,North,Kolkata,Social Media,No,,,0,4,,0.19533948236457147,Low
ORD101067,2024-08-22,2024-08-27,P1000,Beauty,Supplier A,570.23,1,West,Chennai,Email,No,,,0,5,,0.15974197629492523,Low
ORD101068,2024-03-02,2024-03-11,P1089,Home,Supplier C,829.64,1,West,Kolkata,Organic,No,,,0,9,,0.1915057780790417,Low
ORD101069,2024-09-12,2024-09-15,P1141,Beauty,Supplier B,589.09,1,North,Hyderabad,Ads,Yes,2024-09-29,Size Issue,1,3,14.0,0.23083801335165025,Low
ORD101070,2024-02-18,2024-02-21,P1063,Electronics,Supplier C,253.89,1,South,Mumbai,Organic,No,,,0,3,,0.2122190085406152,Low
ORD101071,2024-12-13,2024-12-17,P1037,Home,Supplier A,417.95,4,South,Delhi,Email,No,,,0,4,,0.11482844611136006,Low
ORD101072,2024-06-07,2024-06-11,P1036,Beauty,Supplier B,1393.19,4,West,Mumbai,Social Media,No,,,0,4,,0.23074437082539584,Low
ORD101073,2024-05-03,2024-05-07,P1125,Beauty,Supplier C,1017.21,3,East,Chennai,Organic,No,,,0,4,,0.26251881902438723,Low
ORD101074,2024-11-12,2024-11-18,P1138,Electronics,Supplier C,749.11,3,South,Chennai,Social Media,No,,,0,6,,0.17974423340611004,Low
ORD101075,2024-07-25,2024-07-31,P1099,Sports,Supplier B,28.95,2,South,Delhi,Organic,No,,,0,6,,0.2032694129192063,Low
ORD101076,2024-02-17,2024-02-24,P1076,Home,Supplier C,1488.7,3,East,Hyderabad,Email,No,,,0,7,,0.15618249291498018,Low
ORD101077,2024-05-15,2024-05-21,P1002,Home,Supplier C,1010.47,3,South,Bangalore,Organic,No,,,0,6,,0.22406440901977992,Low
ORD101078,2024-07-19,2024-07-27,P1160,Electronics,Supplier A,482.21,1,North,Kolkata,Social Media,No,,,0,8,,0.1687022373849759,Low
ORD101079,2024-09-06,2024-09-14,P1133,Sports,Supplier A,1320.11,1,South,Kolkata,Social Media,No,,,0,8,,0.23892862808568965,Low
ORD101080,2024-11-09,2024-11-11,P1177,Home,Supplier A,395.06,3,East,Chennai,Email,No,,,0,2,,0.0948656173532284,Low
ORD101081,2024-12-22,2024-12-31,P1009,Home,Supplier A,820.58,2,North,Mumbai,Organic,No,,,0,9,,0.21774417000414634,Low
ORD101082,2024-11-13,2024-11-20,P1004,Home,Supplier A,957.75,1,South,Mumbai,Ads,No,,,0,7,,0.18527840098655132,Low
ORD101083,2024-10-21,2024-10-30,P1150,Sports,Supplier A,339.38,3,West,Hyderabad,Organic,No,,,0,9,,0.212714418527021,Low
ORD101084,2024-11-09,2024-11-12,P1137,Electronics,Supplier B,1467.81,3,North,Bangalore,Email,Yes,2024-11-18,Not as Described,1,3,6.0,0.24779486697967407,Low
ORD101085,2024-07-27,2024-08-01,P1171,Home,Supplier A,1124.81,4,North,Mumbai,Ads,No,,,0,5,,0.20881353653738602,Low
ORD101086,2024-12-20,2024-12-22,P1129,Beauty,Supplier C,841.14,2,West,Kolkata,Email,No,,,0,2,,0.17956882790599996,Low
ORD101087,2024-07-29,2024-08-01,P1012,Sports,Supplier B,279.09,4,West,Mumbai,Organic,No,,,0,3,,0.20751131646834925,Low
ORD101088,2024-07-10,2024-07-13,P1167,Fashion,Supplier C,90.25,2,South,Bangalore,Ads,No,,,0,3,,0.22148681069988352,Low
ORD101089,2024-02-13,2024-02-20,P1129,Electronics,Supplier A,486.89,1,South,Kolkata,Email,No,,,0,7,,0.15676161052324572,Low
ORD101090,2024-01-29,2024-02-02,P1083,Beauty,Supplier A,1132.25,2,East,Mumbai,Social Media,No,,,0,4,,0.19199519051195632,Low
ORD101091,2024-02-28,2024-03-03,P1064,Home,Supplier C,411.3,3,East,Kolkata,Ads,Yes,2024-03-11,Late Delivery,1,4,8.0,0.12276244766261378,Low
ORD101092,2024-03-11,2024-03-20,P1062,Fashion,Supplier C,813.94,3,North,Chennai,Ads,Yes,2024-03-26,Damaged,1,9,6.0,0.30604581571187456,Low
ORD101093,2024-04-01,2024-04-03,P1100,Electronics,Supplier C,1094.64,2,West,Chennai,Email,No,,,0,2,,0.18685624599327405,Low
ORD101094,2024-09-21,2024-09-25,P1072,Sports,Supplier D,170.84,2,West,Hyderabad,Social Media,No,,,0,4,,0.13466963202087945,Low
ORD101095,2024-08-07,2024-08-10,P1016,Fashion,Supplier D,1031.09,2,East,Chennai,Ads,Yes,2024-08-15,No Longer Needed,1,3,5.0,0.27505053233406923,Low
ORD101096,2024-08-02,2024-08-06,P1008,Fashion,Supplier D,146.89,4,North,Mumbai,Email,No,,,0,4,,0.1905872979747536,Low
ORD101097,2024-10-03,2024-10-09,P1142,Beauty,Supplier D,1448.04,2,North,Bangalore,Ads,No,,,0,6,,0.3193159744722435,Low
ORD101098,2024-03-04,2024-03-08,P1151,Electronics,Supplier B,737.71,1,East,Kolkata,Ads,Yes,2024-03-19,Not as Described,1,4,11.0,0.18651448729316242,Low
ORD101099,2024-12-11,2024-12-14,P1037,Beauty,Supplier A,234.51,4,East,Delhi,Ads,No,,,0,3,,0.16092381269236283,Low
ORD101100,2024-10-18,2024-10-27,P1162,Beauty,Supplier C,520.15,4,East,Chennai,Social Media,No,,,0,9,,0.1473674104047889,Low
ORD101101,2024-09-01,2024-09-08,P1093,Home,Supplier A,625.99,2,South,Chennai,Organic,No,,,0,7,,0.19122469889826174,Low
ORD101102,2024-03-02,2024-03-04,P1094,Sports,Supplier C,1139.7,1,North,Delhi,Organic,No,,,0,2,,0.32599512210817194,Low
ORD101103,2024-11-27,2024-12-02,P1048,Fashion,Supplier A,1117.7,4,North,Delhi,Social Media,No,,,0,5,,0.2863295617558691,Low
ORD101104,2024-06-18,2024-06-22,P1068,Electronics,Supplier B,921.79,3,North,Mumbai,Social Media,No,,,0,4,,0.20322414247512252,Low
ORD101105,2024-09-25,2024-10-03,P1061,Sports,Supplier D,167.84,4,East,Kolkata,Email,No,,,0,8,,0.1205510813391296,Low
ORD101106,2024-09-23,2024-10-01,P1187,Sports,Supplier A,235.84,2,East,Chennai,Ads,No,,,0,8,,0.15826286541094872,Low
ORD101107,2024-02-23,2024-03-03,P1177,Electronics,Supplier C,149.7,1,East,Bangalore,Social Media,No,,,0,9,,0.11596982893882267,Low
ORD101108,2024-01-16,2024-01-19,P1077,Sports,Supplier A,869.99,2,East,Mumbai,Email,No,,,0,3,,0.164916528125123,Low
ORD101109,2024-01-08,2024-01-13,P1116,Home,Supplier B,1316.94,3,West,Mumbai,Organic,No,,,0,5,,0.2338225248099994,Low
ORD101110,2024-04-13,2024-04-18,P1119,Sports,Supplier B,656.36,3,East,Bangalore,Organic,Yes,2024-04-30,Late Delivery,1,5,12.0,0.2242450301305644,Low
ORD101111,2024-02-28,2024-03-05,P1136,Home,Supplier A,249.66,3,South,Bangalore,Organic,No,,,0,6,,0.1627687523427054,Low
ORD101112,2024-11-08,2024-11-13,P1161,Fashion,Supplier D,841.48,2,West,Hyderabad,Organic,Yes,2024-11-21,Wrong Item,1,5,8.0,0.3188590458280381,Low
ORD101113,2024-02-09,2024-02-17,P1075,Fashion,Supplier C,1219.51,4,West,Bangalore,Email,No,,,0,8,,0.25835726779055257,Low
ORD101114,2024-08-24,2024-08-31,P1034,Beauty,Supplier B,1115.15,2,East,Delhi,Ads,No,,,0,7,,0.23264728975262922,Low
ORD101115,2024-04-03,2024-04-06,P1000,Home,Supplier B,1323.36,1,North,Chennai,Email,No,,,0,3,,0.18101393614956143,Low
ORD101116,2024-08-09,2024-08-12,P1039,Fashion,Supplier A,424.07,4,East,Hyderabad,Ads,No,,,0,3,,0.2167329727616871,Low
ORD101117,2024-07-22,2024-07-26,P1063,Sports,Supplier B,298.99,3,North,Delhi,Organic,No,,,0,4,,0.23802498640015182,Low
ORD101118,2024-05-17,2024-05-21,P1149,Electronics,Supplier B,1320.93,2,East,Hyderabad,Social Media,No,,,0,4,,0.19433225971505352,Low
ORD101119,2024-10-26,2024-10-30,P1059,Electronics,Supplier C,989.76,3,East,Chennai,Social Media,Yes,2024-11-01,Wrong Item,1,4,2.0,0.16877753788117403,Low
ORD101120,2024-07-25,2024-08-02,P1063,Home,Supplier D,473.28,3,North,Hyderabad,Social Media,No,,,0,8,,0.12747563043425558,Low
ORD101121,2024-12-01,2024-12-09,P1092,Beauty,Supplier C,1116.1,1,North,Delhi,Ads,Yes,2024-12-21,Size Issue,1,8,12.0,0.28301979197903987,Low
ORD101122,2024-03-21,2024-03-30,P1071,Sports,Supplier D,1224.53,4,North,Kolkata,Organic,No,,,0,9,,0.3357611133467984,Low
ORD101123,2024-08-05,2024-08-13,P1010,Home,Supplier C,926.32,1,North,Chennai,Email,No,,,0,8,,0.1523922155965676,Low
ORD101124,2024-01-02,2024-01-10,P1104,Electronics,Supplier A,1034.95,1,South,Mumbai,Social Media,No,,,0,8,,0.20271038101025016,Low
ORD101125,2024-06-26,2024-07-04,P1013,Home,Supplier B,569.14,1,North,Chennai,Ads,No,,,0,8,,0.1650601644475017,Low
ORD101126,2024-12-11,2024-12-19,P1059,Sports,Supplier D,812.66,3,East,Chennai,Social Media,No,,,0,8,,0.16467853002973257,Low
ORD101127,2024-10-05,2024-10-12,P1029,Fashion,Supplier A,791.0,1,East,Chennai,Email,Yes,2024-10-13,Late Delivery,1,7,1.0,0.20186988654229007,Low
ORD101128,2024-05-25,2024-06-02,P1034,Sports,Supplier B,1273.59,1,South,Kolkata,Organic,Yes,2024-06-03,Wrong Item,1,8,1.0,0.3276681175557355,Low
ORD101129,2024-11-13,2024-11-22,P1164,Fashion,Supplier B,1261.55,4,North,Delhi,Email,No,,,0,9,,0.29597125652160267,Low
ORD101130,2024-08-11,2024-08-16,P1004,Fashion,Supplier B,1250.69,4,East,Mumbai,Organic,Yes,2024-08-30,Wrong Item,1,5,14.0,0.3444522181262798,Low
ORD101131,2024-03-02,2024-03-07,P1082,Fashion,Supplier C,26.44,1,South,Delhi,Organic,No,,,0,5,,0.2537389481954672,Low
ORD101132,2024-10-20,2024-10-26,P1122,Home,Supplier A,1126.82,4,East,Hyderabad,Organic,No,,,0,6,,0.20052622337562687,Low
ORD101133,2024-08-26,2024-09-02,P1077,Electronics,Supplier A,1140.43,4,South,Hyderabad,Social Media,No,,,0,7,,0.21172005516463274,Low
ORD101134,2024-07-13,2024-07-17,P1153,Home,Supplier B,1020.78,1,South,Hyderabad,Email,No,,,0,4,,0.1507333788659813,Low
ORD101135,2024-06-14,2024-06-16,P1061,Electronics,Supplier D,1136.83,3,West,Delhi,Social Media,No,,,0,2,,0.1945760934258698,Low
ORD101136,2024-08-09,2024-08-17,P1131,Sports,Supplier A,1264.54,1,West,Bangalore,Email,No,,,0,8,,0.21088019560585192,Low
ORD101137,2024-03-01,2024-03-07,P1088,Beauty,Supplier C,710.78,4,North,Kolkata,Ads,Yes,2024-03-11,No Longer Needed,1,6,4.0,0.24226445042755756,Low
ORD101138,2024-05-08,2024-05-10,P1041,Sports,Supplier D,758.05,3,West,Bangalore,Ads,No,,,0,2,,0.2137679598601789,Low
ORD101139,2024-06-21,2024-06-30,P1088,Home,Supplier D,195.82,2,South,Hyderabad,Email,No,,,0,9,,0.10359961804329854,Low
ORD101140,2024-06-04,2024-06-09,P1145,Home,Supplier D,584.21,3,East,Kolkata,Email,No,,,0,5,,0.10365466240814945,Low
ORD101141,2024-04-19,2024-04-25,P1039,Electronics,Supplier D,968.61,4,East,Delhi,Email,No,,,0,6,,0.1633654390268583,Low
ORD101142,2024-09-25,2024-10-04,P1071,Home,Supplier A,1172.8,3,North,Hyderabad,Email,No,,,0,9,,0.16969551387348572,Low
ORD101143,2024-12-21,2024-12-27,P1038,Fashion,Supplier B,333.64,1,West,Delhi,Organic,Yes,2025-01-02,Size Issue,1,6,6.0,0.26442295378432396,Low
ORD101144,2024-10-04,2024-10-07,P1103,Home,Supplier D,215.36,2,North,Kolkata,Social Media,No,,,0,3,,0.11328789244345736,Low
ORD101145,2024-03-14,2024-03-23,P1013,Electronics,Supplier C,997.93,2,South,Delhi,Organic,Yes,2024-04-05,Not as Described,1,9,13.0,0.28400361585747963,Low
ORD101146,2024-07-25,2024-07-30,P1031,Electronics,Supplier C,12.8,2,West,Delhi,Social Media,No,,,0,5,,0.11867270740704738,Low
ORD101147,2024-10-05,2024-10-10,P1178,Fashion,Supplier B,275.78,4,North,Mumbai,Social Media,No,,,0,5,,0.2056921904423984,Low
ORD101148,2024-11-21,2024-11-28,P1124,Electronics,Supplier A,53.32,4,East,Bangalore,Social Media,No,,,0,7,,0.11092963189741996,Low
ORD101149,2024-12-05,2024-12-11,P1165,Beauty,Supplier B,258.66,2,East,Bangalore,Organic,No,,,0,6,,0.19350779833614307,Low
ORD101150,2024-12-22,2024-12-30,P1096,Sports,Supplier D,280.17,3,North,Bangalore,Email,No,,,0,8,,0.15903699300218338,Low
ORD101151,2024-12-05,2024-12-10,P1022,Home,Supplier A,587.63,2,North,Chennai,Organic,No,,,0,5,,0.19781629107332302,Low
ORD101152,2024-07-22,2024-07-28,P1062,Beauty,Supplier A,609.47,3,North,Mumbai,Organic,No,,,0,6,,0.2725839856170184,Low
ORD101153,2024-06-09,2024-06-16,P1142,Home,Supplier D,1312.65,3,South,Hyderabad,Social Media,No,,,0,7,,0.1752307546498704,Low
ORD101154,2024-01-28,2024-02-05,P1152,Beauty,Supplier C,770.06,4,South,Hyderabad,Ads,No,,,0,8,,0.23658415996531565,Low
ORD101155,2024-09-13,2024-09-22,P1144,Home,Supplier D,1087.87,3,East,Hyderabad,Ads,No,,,0,9,,0.16593724027436427,Low
ORD101156,2024-06-13,2024-06-20,P1193,Fashion,Supplier B,165.16,2,South,Bangalore,Organic,Yes,2024-06-29,Wrong Item,1,7,9.0,0.2676393356470201,Low
ORD101157,2024-03-03,2024-03-06,P1052,Electronics,Supplier D,345.9,4,South,Bangalore,Social Media,Yes,2024-03-07,Damaged,1,3,1.0,0.15087468421791808,Low
ORD101158,2024-01-22,2024-01-30,P1103,Electronics,Supplier C,1057.39,1,West,Mumbai,Organic,Yes,2024-02-11,Damaged,1,8,12.0,0.26936376885721497,Low
ORD101159,2024-03-10,2024-03-16,P1103,Fashion,Supplier D,88.68,1,South,Delhi,Organic,No,,,0,6,,0.25991629384939746,Low
ORD101160,2024-04-05,2024-04-10,P1178,Beauty,Supplier B,735.03,4,West,Bangalore,Email,No,,,0,5,,0.17158287586033563,Low
ORD101161,2024-06-11,2024-06-16,P1038,Sports,Supplier B,903.06,2,South,Hyderabad,Social Media,No,,,0,5,,0.2017431279072988,Low
ORD101162,2024-03-19,2024-03-25,P1178,Beauty,Supplier C,907.2,1,East,Delhi,Ads,No,,,0,6,,0.21390250749708362,Low
ORD101163,2024-01-05,2024-01-11,P1197,Electronics,Supplier B,44.17,1,North,Bangalore,Ads,No,,,0,6,,0.172205852248088,Low
ORD101164,2024-11-11,2024-11-17,P1133,Sports,Supplier B,489.94,3,East,Kolkata,Ads,No,,,0,6,,0.17666990030453344,Low
ORD101165,2024-04-29,2024-05-03,P1066,Home,Supplier D,958.37,3,South,Chennai,Organic,Yes,2024-05-04,Not as Described,1,4,1.0,0.21938929206516808,Low
ORD101166,2024-10-28,2024-11-05,P1134,Sports,Supplier A,232.01,2,North,Bangalore,Social Media,No,,,0,8,,0.15944391778374925,Low
ORD101167,2024-06-26,2024-07-01,P1178,Beauty,Supplier B,1046.17,4,North,Kolkata,Email,No,,,0,5,,0.22329852402646067,Low
ORD101168,2024-06-24,2024-07-02,P1199,Fashion,Supplier B,1121.43,2,North,Mumbai,Ads,Yes,2024-07-15,Late Delivery,1,8,13.0,0.34101569565610457,Low
ORD101169,2024-08-04,2024-08-11,P1041,Home,Supplier C,1473.13,4,West,Kolkata,Social Media,No,,,0,7,,0.17226876643943018,Low
ORD101170,2024-02-25,2024-03-01,P1191,Beauty,Supplier C,322.66,1,East,Mumbai,Ads,No,,,0,5,,0.1672099997716534,Low
ORD101171,2024-07-05,2024-07-09,P1014,Home,Supplier D,1239.44,3,West,Bangalore,Email,No,,,0,4,,0.15196924370588333,Low
ORD101172,2024-08-19,2024-08-25,P1110,Sports,Supplier D,785.24,2,North,Mumbai,Social Media,No,,,0,6,,0.2018643510271792,Low
ORD101173,2024-09-11,2024-09-14,P1156,Electronics,Supplier B,566.46,2,East,Kolkata,Organic,No,,,0,3,,0.20579903539446365,Low
ORD101174,2024-04-13,2024-04-19,P1032,Beauty,Supplier A,192.34,4,East,Chennai,Organic,No,,,0,6,,0.18818240934186287,Low
ORD101175,2024-03-17,2024-03-26,P1154,Fashion,Supplier A,1105.9,4,South,Delhi,Ads,Yes,2024-04-08,Size Issue,1,9,13.0,0.3254431862825753,Low
ORD101176,2024-08-17,2024-08-23,P1163,Sports,Supplier D,361.43,2,West,Delhi,Ads,Yes,2024-08-28,No Longer Needed,1,6,5.0,0.18114490699498095,Low
ORD101177,2024-09-14,2024-09-18,P1156,Beauty,Supplier C,563.42,4,West,Chennai,Social Media,No,,,0,4,,0.16306369816943025,Low
ORD101178,2024-09-20,2024-09-28,P1037,Fashion,Supplier B,103.19,2,South,Hyderabad,Email,Yes,2024-10-08,Damaged,1,8,10.0,0.17785557502325255,Low
ORD101179,2024-11-26,2024-12-01,P1184,Beauty,Supplier B,1204.04,2,West,Delhi,Ads,No,,,0,5,,0.2592429500556353,Low
ORD101180,2024-06-30,2024-07-06,P1096,Sports,Supplier A,1152.22,2,North,Bangalore,Social Media,No,,,0,6,,0.234361214244081,Low
ORD101181,2024-09-12,2024-09-17,P1154,Beauty,Supplier D,1103.09,1,North,Hyderabad,Email,Yes,2024-09-22,Damaged,1,5,5.0,0.22847413633293318,Low
ORD101182,2024-02-07,2024-02-09,P1182,Home,Supplier A,456.17,4,West,Bangalore,Ads,No,,,0,2,,0.13635478921948638,Low
ORD101183,2024-06-24,2024-07-01,P1032,Sports,Supplier A,268.49,3,South,Kolkata,Ads,No,,,0,7,,0.18956253673225806,Low
ORD101184,2024-01-27,2024-02-04,P1195,Beauty,Supplier D,959.95,3,East,Kolkata,Social Media,No,,,0,8,,0.1784775335924256,Low
ORD101185,2024-10-02,2024-10-07,P1085,Electronics,Supplier C,749.29,4,West,Hyderabad,Ads,No,,,0,5,,0.20269971742847157,Low
ORD101186,2024-05-19,2024-05-22,P1065,Beauty,Supplier B,275.6,2,East,Hyderabad,Organic,No,,,0,3,,0.19488627878625941,Low
ORD101187,2024-10-25,2024-11-01,P1009,Home,Supplier C,1032.01,3,South,Hyderabad,Email,No,,,0,7,,0.15148247223497016,Low
ORD101188,2024-10-13,2024-10-22,P1004,Fashion,Supplier D,1486.78,3,East,Hyderabad,Email,No,,,0,9,,0.26642616591161616,Low
ORD101189,2024-03-31,2024-04-09,P1122,Fashion,Supplier D,1123.36,4,South,Mumbai,Organic,No,,,0,9,,0.3755797338394014,Low
ORD101190,2024-03-01,2024-03-04,P1073,Fashion,Supplier B,1112.58,3,South,Hyderabad,Social Media,No,,,0,3,,0.2732965059590868,Low
ORD101191,2024-12-30,2025-01-05,P1096,Electronics,Supplier C,1425.97,2,North,Hyderabad,Organic,Yes,2025-01-10,Not as Described,1,6,5.0,0.34522861390396864,Low
ORD101192,2024-12-12,2024-12-19,P1117,Home,Supplier B,312.38,4,North,Kolkata,Organic,Yes,2024-12-29,Late Delivery,1,7,10.0,0.1760802255816104,Low
ORD101193,2024-06-11,2024-06-16,P1037,Sports,Supplier A,852.67,2,South,Bangalore,Email,Yes,2024-06-22,Late Delivery,1,5,6.0,0.1931419654969621,Low
ORD101194,2024-12-16,2024-12-23,P1140,Fashion,Supplier A,1469.67,3,West,Kolkata,Social Media,No,,,0,7,,0.28980043478445283,Low
ORD101195,2024-05-22,2024-05-28,P1158,Home,Supplier A,256.29,3,North,Delhi,Ads,Yes,2024-06-05,Not as Described,1,6,8.0,0.14384232413567605,Low
ORD101196,2024-09-09,2024-09-13,P1046,Beauty,Supplier C,1053.38,2,South,Mumbai,Organic,No,,,0,4,,0.30730860246896374,Low
ORD101197,2024-09-25,2024-10-03,P1108,Electronics,Supplier A,882.86,1,East,Mumbai,Organic,No,,,0,8,,0.233992457399787,Low
ORD101198,2024-10-17,2024-10-20,P1179,Home,Supplier B,883.85,3,East,Bangalore,Social Media,No,,,0,3,,0.12202847450361481,Low
ORD101199,2024-07-05,2024-07-11,P1183,Home,Supplier C,1049.53,1,West,Hyderabad,Organic,No,,,0,6,,0.20983685409258998,Low
